City_ID,City,Country,Date,Lat,Lng,Max Temp,Humidity,Cloudiness,Wind Speed
0,Albany,US,7/31/2022 23:03,42.6001,-73.9662,79.21,61,99,4.29
1,Naze,JP,7/31/2022 23:03,28.3667,129.4833,80.51,84,100,20.71
2,Qaanaaq,GL,7/31/2022 23:03,77.484,-69.3632,46.33,60,66,1.41
3,Atuona,PF,7/31/2022 23:03,-9.8,-139.0333,76.87,75,12,14.5
4,Ribeira Grande,PT,7/31/2022 23:03,38.5167,-28.7,74.12,73,16,2.91
5,Khilok,RU,7/31/2022 23:03,51.3674,110.4676,59.81,88,65,3.13
6,Pemberton,CA,7/31/2022 23:03,50.3164,-122.8027,95.32,20,1,6.42
7,Sao Joao Da Barra,BR,7/31/2022 23:03,-21.6403,-41.0511,67.42,71,2,6.87
8,Puerto Ayora,EC,7/31/2022 23:03,-0.7393,-90.3518,72.55,87,85,5.99
9,Golyshmanovo,RU,7/31/2022 23:03,56.3979,68.3728,58.8,97,95,8.32
10,Nioro,GM,7/31/2022 23:03,13.35,-15.75,71.89,94,100,6.87
11,Margate,GB,7/31/2022 23:03,51.3813,1.3862,67.3,90,97,1.99
12,Male,MV,7/31/2022 23:03,4.1748,73.5089,78.89,80,100,30.89
13,Coihaique,CL,7/31/2022 23:03,-45.5752,-72.0662,38.01,70,100,6.91
14,Ponta Do Sol,PT,7/31/2022 23:03,32.6667,-17.1,72.01,78,3,2.37
15,Mataura,NZ,7/31/2022 23:03,-46.1927,168.8643,46.47,86,24,5.75
16,Vaini,TO,7/31/2022 23:03,-21.2,-175.2,80.76,89,75,8.05
17,Sibolga,ID,7/31/2022 23:03,1.7427,98.7792,75.74,87,100,3.36
18,New Norfolk,AU,7/31/2022 23:03,-42.7826,147.0587,49.91,84,99,5.99
19,Rikitea,PF,7/31/2022 23:03,-23.1203,-134.9692,72.18,74,100,22.57
20,Nikolskoye,RU,7/31/2022 23:03,59.7035,30.7861,57.09,82,100,3.6
21,North Bend,US,7/31/2022 23:01,43.4065,-124.2243,74.25,91,75,8.05
22,Fortuna,US,7/31/2022 23:03,40.5982,-124.1573,68.94,78,0,9.22
23,Thompson,CA,7/31/2022 23:01,55.7435,-97.8558,70.48,33,95,0.87
24,Huilong,CN,7/31/2022 23:03,31.8111,121.655,82.92,86,3,10.02
25,Portland,US,7/31/2022 23:00,45.5234,-122.6762,102.47,32,6,8.01
26,Maposeni,TZ,7/31/2022 23:03,-10.5833,35.4,62.89,58,39,2.8
27,San Quintin,MX,7/31/2022 23:03,30.4833,-115.95,76.17,60,26,10.27
28,Ust-Shonosha,RU,7/31/2022 23:03,61.1531,41.343,51.49,96,54,4.92
29,Parakou,BJ,7/31/2022 23:03,9.3372,2.6303,70.74,95,88,5.84
30,Thanh Hoa,VN,7/31/2022 22:59,19.8,105.7667,79.14,91,83,0.92
31,Montepuez,MZ,7/31/2022 22:58,-13.1256,38.9997,62.55,80,52,4.61
32,Chilca,PE,7/31/2022 23:03,-12.5211,-76.7372,60.48,84,19,7.96
33,Saint George,US,7/31/2022 23:01,37.1041,-113.5841,87.64,46,20,12.66
34,Srednekolymsk,RU,7/31/2022 23:03,67.45,153.6833,72.95,35,83,14.76
35,Ushuaia,AR,7/31/2022 23:01,-54.8,-68.3,37.35,98,100,4.5
36,Busselton,AU,7/31/2022 23:03,-33.65,115.3333,57.24,91,88,29.62
37,Puerto Carreno,CO,7/31/2022 23:03,6.189,-67.4859,80.33,83,78,1.16
38,Baixo Guandu,BR,7/31/2022 22:59,-19.5189,-41.0158,71.04,70,98,5.84
39,Emba,KZ,7/31/2022 23:03,48.8264,58.1442,73.6,45,57,6.6
40,Valladolid,ES,7/31/2022 23:01,41.5833,-4.6667,74.75,50,0,9.15
41,Vestmannaeyjar,IS,7/31/2022 23:03,63.4427,-20.2734,49.87,74,71,18.45
42,Nishihara,JP,7/31/2022 23:03,26.1842,127.7558,81.68,89,75,9.22
43,Baleshwar,IN,7/31/2022 23:03,21.4942,86.9317,82.74,80,100,9.57
44,Truth Or Consequences,US,7/31/2022 23:03,33.1284,-107.2528,94.91,25,0,13.8
45,Kiama,AU,7/31/2022 23:03,-34.6833,150.8667,61.57,72,82,1.01
46,Pevek,RU,7/31/2022 23:03,69.7008,170.3133,48.78,64,0,12.59
47,Ejido,VE,7/31/2022 23:03,8.5514,-71.2375,69.49,94,99,1.74
48,Torbay,CA,7/31/2022 23:04,47.6666,-52.7314,70.88,74,30,17.11
49,Sitka,US,7/31/2022 23:04,57.0531,-135.33,57.09,88,100,8.05
50,Yellowknife,CA,7/31/2022 23:01,62.456,-114.3525,64.56,45,11,4
51,Khatanga,RU,7/31/2022 23:04,71.9667,102.5,44.76,73,100,7.99
52,Tondano,ID,7/31/2022 23:04,1.3038,124.9112,69.89,87,98,1.54
53,Hami,CN,7/31/2022 23:04,42.8,93.45,81.05,29,50,6.44
54,Sidrolandia,BR,7/31/2022 23:04,-20.9319,-54.9614,72.88,35,3,2.26
55,Narsaq,GL,7/31/2022 23:04,60.9167,-46.05,55.62,80,84,4.09
56,Carndonagh,IE,7/31/2022 23:04,55.25,-7.2667,47.3,88,28,2.86
57,Touros,BR,7/31/2022 23:04,-5.1989,-35.4608,76.08,84,40,13.6
58,Jamestown,US,7/31/2022 23:04,42.097,-79.2353,78.03,49,20,8.05
59,East London,ZA,7/31/2022 23:04,-33.0153,27.9116,54.77,63,5,8.5
60,Dikson,RU,7/31/2022 23:04,73.5069,80.5464,40.87,94,100,14.58
61,Hermanus,ZA,7/31/2022 23:02,-34.4187,19.2345,39.79,72,2,6.64
62,Emmerich,DE,7/31/2022 23:04,51.8333,6.25,68.05,90,61,6.42
63,Cape Town,ZA,7/31/2022 23:04,-33.9258,18.4232,52.92,81,0,5.01
64,Jijiga,ET,7/31/2022 23:04,9.35,42.8,60.89,88,98,20.71
65,Ocean Springs,US,7/31/2022 23:04,30.4113,-88.8278,89.58,69,0,10.36
66,Kununurra,AU,7/31/2022 23:04,-15.7667,128.7333,57.18,77,96,0
67,Tuktoyaktuk,CA,7/31/2022 23:03,69.4541,-133.0374,50.94,74,67,10.85
68,Saskylakh,RU,7/31/2022 23:04,71.9167,114.0833,44.62,82,99,11.3
69,Belison,PH,7/31/2022 23:05,10.8384,121.9605,79.72,82,100,1.45
70,Kiunga,PG,7/31/2022 23:05,-6.1219,141.2906,74.26,98,100,1.77
71,Chernyshevsk,RU,7/31/2022 23:05,52.5243,117.0174,64.99,72,24,4.85
72,Guerrero Negro,MX,7/31/2022 23:04,27.9769,-114.0611,84.18,45,13,13.29
73,Butaritari,KI,7/31/2022 23:05,3.0707,172.7902,81.34,78,58,13.89
74,Kuytun,RU,7/31/2022 23:05,54.3419,101.5036,60.58,89,56,4.65
75,Kaoma,ZM,7/31/2022 23:05,-14.7833,24.8,55.22,38,0,5.28
76,Sabirabad,AZ,7/31/2022 23:05,40.0095,48.4752,76.03,62,2,6.91
77,Lodwar,KE,7/31/2022 23:05,3.1191,35.5973,81.32,52,64,8.97
78,Cherskiy,RU,7/31/2022 23:05,68.75,161.3,67.95,41,17,19.24
79,Namibe,AO,7/31/2022 23:05,-15.1961,12.1522,57.51,82,12,11.3
80,Airai,TL,7/31/2022 23:05,-8.9266,125.4092,60.4,87,61,2.77
81,Roald,NO,7/31/2022 23:05,62.5833,6.1333,56.16,81,20,1.14
82,Castro,BR,7/31/2022 23:00,-24.7911,-50.0119,53.8,75,0,1.41
83,Soldotna,US,7/31/2022 23:05,60.4878,-151.0583,66.96,71,0,13.8
84,Tanout,NE,7/31/2022 23:05,14.9709,8.8879,79.29,62,23,8.39
85,Souillac,MU,7/31/2022 23:05,-20.5167,57.5167,68.99,76,12,10.4
86,Yumen,CN,7/31/2022 23:05,40.2833,97.2,71.04,38,25,8.75
87,Upernavik,GL,7/31/2022 23:05,72.7868,-56.1549,50.41,66,96,1.12
88,Los Llanos De Aridane,ES,7/31/2022 23:05,28.6585,-17.9182,69.55,94,75,18.41
89,Kavieng,PG,7/31/2022 23:05,-2.5744,150.7967,83.55,73,94,13.6
90,Grindavik,IS,7/31/2022 23:05,63.8424,-22.4338,48.67,81,75,11.5
91,Georgetown,MY,7/31/2022 23:02,5.4112,100.3354,80.89,87,40,2.3
92,Bhan,PK,7/31/2022 23:05,26.5583,67.7214,87.12,70,89,9.53
93,Santa Cruz,BO,7/31/2022 23:05,-17.8,-63.1667,74.66,60,75,5.75
94,Armizonskoye,RU,7/31/2022 23:05,55.9461,67.6736,60.03,98,87,6.26
95,Jalu,LY,7/31/2022 23:06,29.0331,21.5482,81.37,58,0,16.28
96,Hasaki,JP,7/31/2022 23:06,35.7333,140.8333,88.29,75,98,1.07
97,Ostrovnoy,RU,7/31/2022 23:06,68.0531,39.5131,56.1,79,87,5.35
98,Klaksvik,FO,7/31/2022 23:06,62.2266,-6.589,50.4,85,28,12.57
99,Hofn,IS,7/31/2022 23:06,64.2539,-15.2082,52.41,62,82,10.38
100,Qui Nhon,VN,7/31/2022 23:06,13.7667,109.2333,78.06,87,100,5.37
101,Punta Arenas,CL,7/31/2022 23:06,-53.15,-70.9167,42.12,75,100,11.23
102,Kavaratti,IN,7/31/2022 23:06,10.5669,72.642,80.44,80,100,23.89
103,Belaya Gora,RU,7/31/2022 23:06,68.5333,146.4167,75.25,36,87,10.87
104,Tazovskiy,RU,7/31/2022 23:06,67.4667,78.7,43.23,81,6,10.67
105,Kodiak,US,7/31/2022 23:06,57.79,-152.4072,62.11,72,100,5.75
106,Eenhana,NA,7/31/2022 23:06,-17.4667,16.3333,54.39,33,3,5.93
107,Erzin,TR,7/31/2022 23:06,36.9559,36.2,74.35,86,5,1.74
108,Taluya,PH,7/31/2022 23:06,5.8117,125.1728,79.32,75,92,6.2
109,Bethel,US,7/31/2022 23:06,41.3712,-73.414,81.52,59,0,6.91
110,Tasiilaq,GL,7/31/2022 23:06,65.6145,-37.6368,44.76,50,43,5.53
111,Trairi,BR,7/31/2022 23:04,-3.2778,-39.2689,78.24,81,18,10.92
112,Mahajanga,MG,7/31/2022 23:06,-15.7167,46.3167,70.27,66,22,3.62
113,Tancheng,CN,7/31/2022 23:06,27.4375,115.4976,81,75,0,1.34
114,Talnakh,RU,7/31/2022 23:06,69.4865,88.3972,45.21,70,20,16.02
115,Hualmay,PE,7/31/2022 23:06,-11.0964,-77.6139,63.19,77,18,10.58
116,Kloulklubed,PW,7/31/2022 23:06,7.0419,134.2556,73.9,78,100,6.98
117,Provideniya,RU,7/31/2022 23:06,64.3833,-173.3,48.36,81,0,4.47
118,Vallenar,CL,7/31/2022 23:06,-28.5708,-70.7581,64.96,52,15,2.66
119,Kamloops,CA,7/31/2022 23:04,50.6665,-120.3192,100.74,24,0,3
120,Ancud,CL,7/31/2022 23:04,-41.8697,-73.8203,43.23,82,100,0.98
121,Honiara,SB,7/31/2022 23:06,-9.4333,159.95,85.89,66,14,9.95
122,Pokaran,IN,7/31/2022 23:06,26.9167,71.9167,82.65,78,83,17.11
123,Stara Synyava,UA,7/31/2022 23:06,49.6032,27.6191,63.1,71,100,5.28
124,Barrow,US,7/31/2022 23:06,71.2906,-156.7887,35.62,87,100,9.22
125,Chicama,PE,7/31/2022 23:06,-7.8447,-79.1469,61.34,76,26,7.94
126,Port Alfred,ZA,7/31/2022 23:06,-33.5906,26.891,53.08,73,18,11.52
127,Acapulco,MX,7/31/2022 23:05,16.8634,-99.8901,87.62,66,40,13.8
128,Newark,US,7/31/2022 23:04,40.7357,-74.1724,84.47,69,100,11.5
129,Ucluelet,CA,7/31/2022 23:06,48.9329,-125.5528,67.08,83,12,1.99
130,Mar Del Plata,AR,7/31/2022 23:06,-38.0023,-57.5575,55.94,83,0,5.75
131,Te Anau,NZ,7/31/2022 23:06,-45.4167,167.7167,42.73,95,83,6.6
132,Chokurdakh,RU,7/31/2022 23:06,70.6333,147.9167,70.77,47,100,12.46
133,Okha,RU,7/31/2022 23:06,53.5739,142.9478,60.53,72,18,18.12
134,Hilo,US,7/31/2022 23:05,19.7297,-155.09,85.28,63,40,13.8
135,Cayenne,GF,7/31/2022 23:06,4.9333,-52.3333,83.08,1,40,0
136,Port Elizabeth,ZA,7/31/2022 23:07,-33.918,25.5701,49.32,82,3,4
137,Farmington,US,7/31/2022 23:04,36.7281,-108.2187,86.68,35,75,10.36
138,Statesboro,US,7/31/2022 23:07,32.4488,-81.7832,96.6,34,0,5.75
139,Geraldton,AU,7/31/2022 23:07,-28.7667,114.6,59.41,67,100,23.02
140,Ayan,RU,7/31/2022 23:07,56.45,138.1667,57.42,96,100,7.43
141,Matagami,CA,7/31/2022 23:07,49.7502,-77.6328,70.34,67,99,4.83
142,Yaan,NG,7/31/2022 23:07,7.3833,8.5667,71.58,96,99,8.41
143,Lorengau,PG,7/31/2022 23:07,-2.0226,147.2712,84.79,70,100,11.97
144,Chuy,UY,7/31/2022 23:07,-33.6971,-53.4616,49.35,79,94,5.88
145,Comodoro Rivadavia,AR,7/31/2022 23:07,-45.8667,-67.5,40.86,48,0,3.44
146,Along,IN,7/31/2022 23:07,28.1667,94.7667,74.23,99,100,0.56
147,Areia Branca,BR,7/31/2022 23:07,-4.9561,-37.1369,77.59,80,48,17.22
148,Buala,SB,7/31/2022 23:07,-8.145,159.5921,84.54,71,14,12.3
149,Bredasdorp,ZA,7/31/2022 23:07,-34.5322,20.0403,42.51,83,3,3.65
150,Umm Lajj,SA,7/31/2022 23:07,25.0213,37.2685,85.5,57,39,8.25
151,Dingle,PH,7/31/2022 23:07,10.9995,122.6711,78.01,84,100,1.63
152,Constitucion,CL,7/31/2022 23:03,-35.3333,-72.4167,49.84,90,71,4.76
153,Cabo San Lucas,MX,7/31/2022 23:03,22.8909,-109.9124,92.05,71,40,8.05
154,Fontenay-Le-Comte,FR,7/31/2022 23:06,46.5833,-1,65.84,95,1,7.52
155,Minab,IR,7/31/2022 23:02,27.1467,57.0801,88.5,74,100,3.58
156,Zhangye,CN,7/31/2022 23:07,38.9342,100.4517,72,58,64,4.68
157,Iquitos,PE,7/31/2022 23:07,-3.7481,-73.2472,82.44,83,75,4.61
158,Ayagoz,KZ,7/31/2022 23:07,47.9714,80.4392,61.63,69,45,4.63
159,Kruisfontein,ZA,7/31/2022 23:04,-34.0033,24.7314,45.46,80,1,7.2
160,Bluff,NZ,7/31/2022 23:07,-46.6,168.3333,46.8,76,51,15.17
161,Hokitika,NZ,7/31/2022 23:07,-42.7167,170.9667,47.91,67,36,2.39
162,Batsfjord,NO,7/31/2022 23:03,70.6345,29.7185,56.98,94,100,4.61
163,Roebourne,AU,7/31/2022 23:07,-20.7833,117.1333,67.95,70,35,1.97
164,Songjianghe,CN,7/31/2022 23:07,42.1859,127.479,70.84,93,100,2.44
165,Cidreira,BR,7/31/2022 23:07,-30.1811,-50.2056,59.23,87,89,9.8
166,Piacabucu,BR,7/31/2022 23:07,-10.4056,-36.4344,73.63,87,6,9.44
167,Nyrob,RU,7/31/2022 23:07,60.733,56.7202,59.97,97,100,2.42
168,Katsuura,JP,7/31/2022 23:07,35.1333,140.3,84.56,76,82,5.14
169,Estelle,US,7/31/2022 23:07,29.8458,-90.1067,89.01,68,0,5.75
170,Areado,BR,7/31/2022 23:07,-21.3586,-46.1456,63.28,43,0,2.01
171,Quatre Cocos,MU,7/31/2022 23:07,-20.2078,57.7625,69.1,71,16,13.67
172,Maturin,VE,7/31/2022 23:07,9.75,-63.1767,75.31,95,100,6.71
173,Laem Sing,TH,7/31/2022 23:07,12.4816,102.0738,84.27,90,100,2.95
174,Anadyr,RU,7/31/2022 23:04,64.75,177.4833,57.7,62,0,8.95
175,Faanui,PF,7/31/2022 23:06,-16.4833,-151.75,78.82,71,12,25.88
176,Krasnoselkup,RU,7/31/2022 23:07,65.7,82.4667,45.14,73,6,20.65
177,Kapaa,US,7/31/2022 23:06,22.0752,-159.319,87.78,64,40,16.11
178,Pokhara,NP,7/31/2022 23:07,28.2333,83.9833,71.87,93,100,1.79
179,Balkhash,KZ,7/31/2022 23:07,46.844,74.9804,69.66,60,74,8.57
180,San Cristobal,VE,7/31/2022 23:07,7.7669,-72.225,75.38,96,60,3.51
181,Zhigansk,RU,7/31/2022 23:07,66.7697,123.3711,67.44,72,35,4.56
182,Angoche,MZ,7/31/2022 23:08,-16.2325,39.9086,70.93,81,5,3.98
183,Karonga,MW,7/31/2022 23:08,-9.9333,33.9333,66.42,85,0,5.1
184,Oxford,GB,7/31/2022 23:04,51.7522,-1.256,69.19,69,100,8.5
185,Erenhot,CN,7/31/2022 23:08,43.6475,111.9767,78.64,43,59,6.76
186,Malindi,KE,7/31/2022 23:08,-3.2175,40.1191,74.64,80,0,15.52
187,Sahuaripa,MX,7/31/2022 23:08,29.05,-109.2333,87.62,54,97,2.55
188,Clyde River,CA,7/31/2022 23:07,70.4692,-68.5914,37.63,93,75,8.05
189,Biak,ID,7/31/2022 23:08,-0.9131,122.8766,76.1,86,100,4.68
190,Burns Lake,CA,7/31/2022 23:08,54.2331,-125.7533,84.67,26,1,9.51
191,Charters Towers,AU,7/31/2022 23:08,-20.1,146.2667,65.14,74,5,9.28
192,Henties Bay,NA,7/31/2022 23:08,-22.116,14.2845,53.53,76,72,2.51
193,Saint-Augustin,CA,7/31/2022 23:08,51.226,-58.6502,71.35,56,85,9.17
194,Bandarbeyla,SO,7/31/2022 23:08,9.4942,50.8122,76.05,80,58,28.32
195,Zhumadian,CN,7/31/2022 23:08,32.9794,114.0294,78.94,73,0,1.28
196,Lebu,CL,7/31/2022 23:04,-37.6167,-73.65,47.01,83,95,5.3
197,Anyksciai,LT,7/31/2022 23:08,55.5256,25.1026,61.07,98,100,11.34
198,Channel-Port Aux Basques,CA,7/31/2022 23:08,47.5702,-59.1367,64.22,86,36,11.01
199,Samarkand,UZ,7/31/2022 23:08,39.6542,66.9597,71.02,49,2,4.61
200,Amahai,ID,7/31/2022 23:08,-3.3333,128.9167,77.54,87,69,2.64
201,Rio Grande,BR,7/31/2022 23:08,-32.035,-52.0986,53.71,89,35,6.89
202,Morant Bay,JM,7/31/2022 23:05,17.8815,-76.4093,88.72,73,15,11.45
203,Asau,RO,7/31/2022 23:08,46.4333,26.4,61.72,94,95,6.2
204,Kupang,ID,7/31/2022 23:08,-10.1667,123.5833,75.38,82,32,5.73
205,Rocha,UY,7/31/2022 23:08,-34.4833,-54.3333,50.2,79,97,5.77
206,Zaozerne,UA,7/31/2022 23:08,45.1582,33.2787,74.43,69,9,6.11
207,Culebra,PR,7/31/2022 23:08,18.303,-65.301,84.29,97,76,13
208,Santa Marinella,IT,7/31/2022 23:08,42.0345,11.8536,79.7,56,0,4
209,Ulaanbaatar,MN,7/31/2022 23:04,47.9077,106.8832,55.53,82,0,0
210,Bismarck,US,7/31/2022 23:08,46.8083,-100.7837,80.44,53,0,13.8
211,Broken Hill,AU,7/31/2022 23:08,-31.95,141.4333,46.8,68,0,6.73
212,Galesong,ID,7/31/2022 23:08,-5.3166,119.3661,75.22,85,94,4.76
213,Shiyan,CN,7/31/2022 23:08,32.6475,110.7781,75.97,77,0,0.16
214,Kuznechnoye,RU,7/31/2022 23:08,61.12,29.8686,59,71,64,4.88
215,Coquimbo,CL,7/31/2022 23:08,-29.9533,-71.3436,55.13,94,40,6.91
216,Aykhal,RU,7/31/2022 23:08,66,111.5,54.7,94,100,13.98
217,Esso,RU,7/31/2022 23:08,55.9333,158.7,52.81,83,100,2.3
218,Antofagasta,CL,7/31/2022 23:08,-23.65,-70.4,56.48,86,58,7.31
219,Luderitz,NA,7/31/2022 23:08,-26.6481,15.1594,58.6,51,0,9.35
220,Ouegoa,NC,7/31/2022 23:08,-20.35,164.4333,74.17,71,51,16.26
221,Waipawa,NZ,7/31/2022 23:08,-41.4122,175.5153,47.19,70,3,2.37
222,Kulim,MY,7/31/2022 23:08,5.365,100.5618,80.49,94,84,2.13
223,Buchanan,LR,7/31/2022 23:08,5.8808,-10.0467,75.97,85,100,7.31
224,Faya,SA,7/31/2022 23:08,18.3851,42.4509,64.92,58,77,7.74
225,Kieta,PG,7/31/2022 23:08,-6.2167,155.6333,83.21,75,21,5.84
226,Coos Bay,US,7/31/2022 23:08,43.3665,-124.2179,74.32,94,75,5.75
227,Fairbanks,US,7/31/2022 23:05,64.8378,-147.7164,65.3,82,75,4.61
228,Beringovskiy,RU,7/31/2022 23:09,63.05,179.3167,50.63,62,93,4.83
229,Caravelas,BR,7/31/2022 23:09,-17.7125,-39.2481,69.98,91,80,7.96
230,Baherden,TM,7/31/2022 23:09,38.4362,57.4316,87.13,33,65,3.94
231,Villa Rica,US,7/31/2022 23:09,33.7321,-84.9191,90.12,75,33,5.77
232,Ndago,TZ,7/31/2022 23:09,-4.6,34.35,64.11,64,15,8.68
233,North Battleford,CA,7/31/2022 23:09,52.7834,-108.2847,72.41,72,85,5.77
234,Port Blair,IN,7/31/2022 23:09,11.6667,92.75,82.09,81,99,13.31
235,San Buenaventura,MX,7/31/2022 23:09,27.0833,-101.5333,99.48,24,0,0
236,Manali,IN,7/31/2022 23:09,13.1667,80.2667,85.06,88,92,8.14
237,Arraial Do Cabo,BR,7/31/2022 23:09,-22.9661,-42.0278,68.5,66,0,9.28
238,Coahuayana,MX,7/31/2022 23:09,18.7333,-103.6833,88.2,60,64,5.88
239,Nelson Bay,AU,7/31/2022 23:09,-32.7167,152.15,61,72,100,8.99
240,Taoudenni,ML,7/31/2022 23:09,22.6783,-3.9836,96.78,27,74,13.13
241,Mount Gambier,AU,7/31/2022 23:10,-37.8333,140.7667,49.32,92,55,12.66
242,Urengoy,RU,7/31/2022 23:10,65.9667,78.3667,45.91,76,0,11.65
243,Belyy Yar,RU,7/31/2022 23:10,53.6039,91.3903,60.69,92,0,2.24
244,Puqi,CN,7/31/2022 23:10,29.7167,113.8833,80.1,77,0,2.01
245,College,US,7/31/2022 23:10,64.8569,-147.8028,65.28,81,75,4.61
246,Half Moon Bay,US,7/31/2022 23:08,37.4636,-122.4286,76.87,75,40,20.71
247,Beregovoy,RU,7/31/2022 23:07,55.173,73.2198,66.25,94,85,7.94
248,Vastseliina,EE,7/31/2022 23:10,57.7303,27.2932,58.69,73,100,3.13
249,Bengkulu,ID,7/31/2022 23:10,-3.8004,102.2655,74.91,88,91,4.54
250,Bambous Virieux,MU,7/31/2022 23:10,-20.3428,57.7575,68.22,71,13,13.42
251,Kinshasa,CD,7/31/2022 23:10,-4.3246,15.3215,75.49,55,9,3.74
252,Batagay-Alyta,RU,7/31/2022 23:10,67.8006,130.4114,71.64,53,100,8.08
253,San Patricio,US,7/31/2022 23:10,28.017,-97.5169,94.15,50,50,17.31
254,Saint Pete Beach,US,7/31/2022 23:10,27.7253,-82.7412,93.25,62,20,6.91
255,Hambantota,LK,7/31/2022 23:10,6.1241,81.1185,78.53,86,100,17.6
256,Qusar,AZ,7/31/2022 23:10,41.4273,48.4289,66.51,72,43,5.14
257,Iqaluit,CA,7/31/2022 23:10,63.7506,-68.5145,50.7,76,95,11.01
258,Qasigiannguit,GL,7/31/2022 23:10,68.8193,-51.1922,59.25,93,58,4.65
259,Goderich,CA,7/31/2022 23:10,43.7501,-81.7165,81.91,66,6,2.91
260,Dubai,AE,7/31/2022 23:06,25.2582,55.3047,96.73,41,0,5.75
261,Saldanha,ZA,7/31/2022 23:10,-33.0117,17.9442,51.78,79,0,13.96
262,San Remigio,PH,7/31/2022 23:10,11.0809,123.9381,81.05,80,100,2.51
263,Nkowakowa,ZA,7/31/2022 23:10,-23.8878,30.2871,61.95,78,44,8.5
264,Longyearbyen,SJ,7/31/2022 23:10,78.2186,15.6401,49.84,76,0,12.66
265,Passa Quatro,BR,7/31/2022 23:10,-22.3903,-44.9667,56.53,64,0,1.28
266,De Aar,ZA,7/31/2022 23:10,-30.6497,24.0123,39.87,54,0,12.1
267,San Ramon,US,7/31/2022 23:06,37.7799,-121.978,79.48,65,0,14.97
268,Krasnyy Chikoy,RU,7/31/2022 23:10,50.3643,108.7512,62.08,78,99,2.1
269,Bam,IR,7/31/2022 23:10,29.106,58.357,89.8,34,86,7.56
270,Los Algarrobos,PA,7/31/2022 23:10,8.5,-82.4333,81.01,83,40,6.91
271,Jiuquan,CN,7/31/2022 23:10,39.7432,98.5174,71.28,38,52,4.56
272,Tanem,NO,7/31/2022 23:10,63.3078,10.4319,51.69,94,100,3.31
273,Aswan,EG,7/31/2022 23:10,24.0934,32.907,87.87,16,47,9.42
274,Xining,CN,7/31/2022 23:10,36.6167,101.7667,58.1,82,63,2.1
275,Payo,ID,7/31/2022 23:10,-3.7508,103.6372,72.03,93,99,2.01
276,Pedasi,PA,7/31/2022 23:10,7.5333,-80.0333,83.07,78,100,2.19
277,Aksarka,RU,7/31/2022 23:11,66.5606,67.7975,47.7,86,33,4.65
278,Jumla,NP,7/31/2022 23:11,29.2747,82.1838,61.27,96,98,0.49
279,Pangnirtung,CA,7/31/2022 23:11,66.1451,-65.7125,49.44,79,99,1.43
280,Wenling,CN,7/31/2022 23:11,28.3669,121.36,82.63,82,96,2.06
281,Sinnamary,GF,7/31/2022 23:11,5.3833,-52.95,78.87,84,46,6.44
282,Hithadhoo,MV,7/31/2022 23:11,-0.6,73.0833,80.47,74,100,16.08
283,Sardarshahr,IN,7/31/2022 23:11,28.4333,74.4833,83.3,74,59,13.69
284,Bathsheba,BB,7/31/2022 23:11,13.2167,-59.5167,83.01,89,40,19.57
285,Basco,PH,7/31/2022 23:11,20.4487,121.9702,85.69,74,97,13.96
286,Pisco,PE,7/31/2022 23:11,-13.7,-76.2167,60.85,82,100,6.91
287,Sao Filipe,CV,7/31/2022 23:11,14.8961,-24.4956,75.79,75,42,5.64
288,Severo-Kurilsk,RU,7/31/2022 23:11,50.6789,156.125,53.76,86,99,10.45
289,Barra Do Bugres,BR,7/31/2022 23:11,-15.0725,-57.1811,77.74,28,0,1.41
290,Brownsville,US,7/31/2022 23:11,25.9018,-97.4975,93.15,55,0,13.8
291,Vila Franca Do Campo,PT,7/31/2022 23:11,37.7167,-25.4333,72.01,82,71,4.07
292,Kathmandu,NP,7/31/2022 23:06,27.7167,85.3167,70.02,94,75,0
293,Rieti,IT,7/31/2022 23:11,42.4072,12.8592,73.62,58,0,5.35
294,Hobart,AU,7/31/2022 23:11,-42.8794,147.3294,50.25,71,75,13.8
295,Alugan,PH,7/31/2022 23:11,12.2188,125.4808,81.36,82,100,7.54
296,Mahebourg,MU,7/31/2022 23:11,-20.4081,57.7,68.25,72,10,13.13
297,Saint-Philippe,RE,7/31/2022 23:11,-21.3585,55.7679,66.22,80,62,14.52
298,Tommot,RU,7/31/2022 23:11,58.9564,126.2925,66.16,92,100,4.7
299,Fukue,JP,7/31/2022 23:11,32.6881,128.8419,81.91,86,19,37.69
300,Tiksi,RU,7/31/2022 23:11,71.6872,128.8694,42.08,94,100,14.05
301,Kopervik,NO,7/31/2022 23:11,59.2835,5.3067,55.54,76,20,13.8
302,Palamos,ES,7/31/2022 23:11,41.8484,3.1291,79.92,37,100,6.64
303,Kaitangata,NZ,7/31/2022 23:11,-46.2817,169.8464,41.95,77,7,7.31
304,Aguimes,ES,7/31/2022 23:11,27.9054,-15.4461,70.43,78,20,28.77
305,Linqiong,CN,7/31/2022 23:11,30.4159,103.4609,73.42,89,99,2.15
306,Pangody,RU,7/31/2022 23:11,65.85,74.4859,46.83,83,5,8.79
307,Tuatapere,NZ,7/31/2022 23:11,-46.1333,167.6833,44.17,85,84,8.12
308,Raisio,FI,7/31/2022 23:11,60.4859,22.169,60.82,100,0,1.14
309,Cabedelo,BR,7/31/2022 23:11,-6.9811,-34.8339,75.87,85,99,13.87
310,Sorland,NO,7/31/2022 23:11,67.667,12.6934,53.46,87,98,10.49
311,Nyurba,RU,7/31/2022 23:11,63.2842,118.3319,69.53,72,61,4.52
312,Bud,US,7/31/2022 23:11,39.447,-86.1758,82.89,62,2,3.15
313,Olafsvik,IS,7/31/2022 23:11,64.8945,-23.7142,48.11,65,100,10.13
314,Liwale,TZ,7/31/2022 23:11,-9.7667,37.9333,62.06,97,41,1.72
315,Herat,AF,7/31/2022 23:11,34.5,62,75.72,24,0,15.46
316,Bauska,LV,7/31/2022 23:11,56.4075,24.1906,58.6,98,100,11.74
317,Yulara,AU,7/31/2022 23:11,-25.2406,130.9889,49.86,42,39,9.42
318,Tulum,MX,7/31/2022 23:11,20.2167,-87.4667,85.35,67,21,7.56
319,Vila,PT,7/31/2022 23:11,42.0304,-8.1588,70.7,59,0,3.85
320,Strezhevoy,RU,7/31/2022 23:11,60.7333,77.5889,48.36,83,53,8.39
321,Carnarvon,AU,7/31/2022 23:11,-24.8667,113.6333,69.6,57,100,10.25
322,Nanortalik,GL,7/31/2022 23:12,60.1432,-45.2371,47.23,91,70,7.31
323,Arman,RU,7/31/2022 23:12,59.7,150.1667,57.02,92,98,7.11
324,Isangel,VU,7/31/2022 23:12,-19.55,169.2667,78.91,78,40,8.05
325,Sola,VU,7/31/2022 23:12,-13.8833,167.55,79.75,79,64,18.57
326,Paka,MY,7/31/2022 23:12,4.6374,103.4368,77.68,89,91,4.5
327,Santa Helena De Goias,BR,7/31/2022 23:12,-17.8136,-50.5969,76.96,30,0,5.5
328,Mareeba,AU,7/31/2022 23:12,-17,145.4333,69.44,86,100,3.06
329,Senneterre,CA,7/31/2022 23:12,48.3835,-77.2328,75.42,54,61,8.37
330,Novichikha,RU,7/31/2022 23:12,52.204,81.3877,59.85,74,64,8.12
331,Kushima,JP,7/31/2022 23:12,31.4583,131.2333,81.39,93,89,13.11
332,Sur,OM,7/31/2022 23:12,22.5667,59.5289,85.91,66,34,10.2
333,Alofi,NU,7/31/2022 23:12,-19.0595,-169.9187,77.45,79,2,21.7
334,Petropavlovsk-Kamchatskiy,RU,7/31/2022 23:12,53.0452,158.6483,57.79,72,75,4.47
335,Shimoda,JP,7/31/2022 23:12,34.6667,138.95,87.1,77,83,10.13
336,Nuevo Progreso,MX,7/31/2022 23:12,23.1667,-97.95,90.54,55,14,12.77
337,Muisne,EC,7/31/2022 23:12,0.6,-80.0333,74.5,86,94,9.8
338,Cockburn Town,TC,7/31/2022 23:09,21.4612,-71.1419,82.36,78,40,16.11
339,Lompoc,US,7/31/2022 23:12,34.6391,-120.4579,77,66,0,12.66
340,Soyo,AO,7/31/2022 23:12,-6.1349,12.3689,69.39,92,0,9.08
341,Great Falls,US,7/31/2022 23:08,47.5002,-111.3008,98.67,10,0,7
342,Ratnagiri,IN,7/31/2022 23:12,16.9833,73.3,80.35,86,93,7.36
343,Zhezkazgan,KZ,7/31/2022 23:12,47.8043,67.7144,64.38,55,0,6.71
344,Vestmanna,FO,7/31/2022 23:12,62.1564,-7.1664,47.39,89,47,12.95
345,Liberal,US,7/31/2022 23:12,37.0431,-100.921,91.54,43,0,5.75
346,Surgut,RU,7/31/2022 23:12,61.25,73.4167,51.1,81,0,8.99
347,Itarema,BR,7/31/2022 23:12,-2.9248,-39.9167,78.85,82,6,14.85
348,Kysyl-Syr,RU,7/31/2022 23:12,63.8986,122.7617,65.77,91,100,3.04
349,Arlit,NE,7/31/2022 23:09,18.7369,7.3853,96.62,23,27,13.24
350,Hornepayne,CA,7/31/2022 23:12,49.2138,-84.7705,72.91,71,76,9.62
351,Avera,US,7/31/2022 23:12,33.194,-82.5271,94.51,25,3,9.57
352,Ribas Do Rio Pardo,BR,7/31/2022 23:12,-20.4431,-53.7592,77.13,30,31,2.06
353,Vardo,NO,7/31/2022 23:12,70.3705,31.1107,51.78,93,100,2.3
354,Ust-Nera,RU,7/31/2022 23:12,64.5667,143.2,72.59,59,100,6.46
355,Nouadhibou,MR,7/31/2022 23:12,20.931,-17.0347,70.93,92,16,11.81
356,Riyadh,SA,7/31/2022 23:12,24.6877,46.7219,86.14,65,100,19.3
357,Masyaf,SY,7/31/2022 23:12,35.0653,36.3406,69.53,73,0,5.91
358,Ewa Beach,US,7/31/2022 23:12,21.3156,-158.0072,89.55,44,0,24.16
359,San Jose De Guanipa,VE,7/31/2022 23:12,8.8872,-64.1651,77.45,77,94,11.72
360,Verkhoyansk,RU,7/31/2022 23:12,67.5447,133.385,73.58,60,100,10.22
361,Douentza,ML,7/31/2022 23:12,14.9951,-2.9517,90.3,40,43,3.83
362,Ponta Delgada,PT,7/31/2022 23:09,37.7333,-25.6667,72.32,78,75,4.61
363,Wuwei,CN,7/31/2022 23:12,37.9281,102.6414,70.29,67,37,5.91
364,Muleba,TZ,7/31/2022 23:12,-1.8397,31.6544,67.33,78,57,4.43
365,Yar-Sale,RU,7/31/2022 23:12,66.8333,70.8333,46.69,80,14,7.07
366,Avarua,CK,7/31/2022 23:08,-21.2078,-159.775,78.85,65,25,17.27
367,Terney,RU,7/31/2022 23:12,45.0503,136.6092,65.14,97,100,7.11
368,Betanzos,ES,7/31/2022 23:12,43.2804,-8.2147,70.45,81,0,2.3
369,Russell,US,7/31/2022 23:12,32.3502,-85.1999,94.96,46,0,3.44
370,Thinadhoo,MV,7/31/2022 23:12,0.5333,72.9333,80.73,76,100,19.69
371,Richards Bay,ZA,7/31/2022 23:12,-28.783,32.0377,62.01,73,100,9.8
372,Tokur,RU,7/31/2022 23:13,53.1333,132.9,65.39,81,100,3.65
373,Teya,RU,7/31/2022 23:13,60.3778,92.6267,53.13,91,100,4.61
374,Nantucket,US,7/31/2022 23:13,41.2835,-70.0995,75.99,77,0,9.22
375,Golovino,RU,7/31/2022 23:13,55.9613,40.4251,57.69,70,72,3.29
376,Moron,AR,7/31/2022 23:13,-34.6534,-58.6198,57.06,81,2,3.96
377,Manggar,ID,7/31/2022 23:13,-2.8833,108.2667,80.19,81,99,9.73
378,Uttarkashi,IN,7/31/2022 23:13,30.7333,78.45,69.76,89,60,2.82
379,Bosaso,SO,7/31/2022 23:13,11.2842,49.1816,89.71,42,74,24.18
380,Ihiala,NG,7/31/2022 23:13,5.8538,6.8603,72.01,95,100,5.64
381,Cervo,ES,7/31/2022 23:13,43.6702,-7.4101,67.96,88,52,15.39
382,Manoel Urbano,BR,7/31/2022 23:13,-8.8389,-69.2597,82.35,55,60,2.62
383,Franklin,US,7/31/2022 23:12,39.9667,-83.0166,81.12,62,40,6.91
384,Maniitsoq,GL,7/31/2022 23:10,65.4167,-52.9,41.76,91,67,6.69
385,Kropotkin,RU,7/31/2022 23:13,45.4375,40.5756,75.9,47,0,9.13
386,Sao Francisco Do Sul,BR,7/31/2022 23:13,-26.2433,-48.6381,56.93,86,0,3.69
387,Soderhamn,SE,7/31/2022 23:13,61.3037,17.0592,57.96,79,73,5.7
388,Twentynine Palms,US,7/31/2022 23:13,34.1356,-116.0542,99.14,26,80,1.99
389,Sarahan,IN,7/31/2022 23:13,31.5167,77.8,62.82,87,94,1.81
390,San Juan De Uraba,CO,7/31/2022 23:13,8.7592,-76.5297,80.24,87,100,4.68
391,Namatanai,PG,7/31/2022 23:13,-3.6667,152.4333,83.23,72,94,8.5
392,Amapa,BR,7/31/2022 23:13,1,-52,73.4,96,87,2.62
393,Vilyuysk,RU,7/31/2022 23:13,63.7553,121.6247,67.78,85,100,3.24
394,Shenjiamen,CN,7/31/2022 23:13,29.9576,122.298,82.8,83,100,7.34
395,Kabinda,CD,7/31/2022 23:13,-6.1333,24.4833,69.55,62,55,3.83
396,Ilulissat,GL,7/31/2022 23:13,69.2167,-51.1,59.02,41,40,16.11
397,Nabire,ID,7/31/2022 23:13,-3.3667,135.4833,76.23,91,98,2.37
398,Laguna,US,7/31/2022 23:13,38.421,-121.4238,90.75,45,0,9.22
399,Ballina,AU,7/31/2022 23:11,-28.8667,153.5667,57.02,97,100,7.27
400,Qaqortoq,GL,7/31/2022 23:13,60.7167,-46.0333,47.97,87,74,3.02
401,Kokopo,PG,7/31/2022 23:13,-4.352,152.2633,84.07,64,94,10.56
402,Guanica,PR,7/31/2022 23:13,17.9716,-66.908,87.13,78,4,13.09
403,Nome,US,7/31/2022 23:11,64.5011,-165.4064,58.15,82,100,8.05
404,Pacific Grove,US,7/31/2022 23:11,36.6177,-121.9166,83.39,80,0,11.5
405,Baculin,PH,7/31/2022 23:13,7.4525,126.5842,79.25,75,100,2.26
406,Aklavik,CA,7/31/2022 23:13,68.2191,-135.0107,66.02,46,90,1.66
407,Tadepallegudem,IN,7/31/2022 23:13,16.8333,81.5,79.68,88,100,0.13
408,Mitchell,US,7/31/2022 23:10,43.7094,-98.0298,87.78,42,0,17.27
409,La Ronge,CA,7/31/2022 23:13,55.1001,-105.2842,66.09,54,61,5.46
410,Merauke,ID,7/31/2022 23:13,-8.4667,140.3333,78.33,83,88,12.03
411,Komsomolskiy,UZ,7/31/2022 23:14,40.4272,71.7189,77.72,36,100,6.91
412,Saint Anthony,US,7/31/2022 23:14,45.0205,-93.218,84.13,61,75,17.27
413,Lagoa,PT,7/31/2022 23:14,39.05,-27.9833,72.5,74,0,6.87
414,Patacamaya,BO,7/31/2022 23:11,-17.2333,-67.9167,52.68,37,0,4.43
415,Ust-Maya,RU,7/31/2022 23:14,60.4167,134.5333,76.89,58,39,9.4
416,Khani,GE,7/31/2022 23:14,41.9563,42.9566,62.17,81,38,4.52
417,Pahrump,US,7/31/2022 23:09,36.2083,-115.9839,82.45,35,81,11.48
418,New Baltimore,US,7/31/2022 23:15,42.6811,-82.7369,86.18,54,20,16.11
419,Kitob,UZ,7/31/2022 23:15,39.0843,66.8332,73.83,36,0,5.59
420,Tazmalt,DZ,7/31/2022 23:15,36.3868,4.3989,83.79,39,6,3.78
421,Oranjestad,AW,7/31/2022 23:15,12.524,-70.027,84.15,61,20,28.77
422,Kutum,SD,7/31/2022 23:15,14.2,24.6667,68.09,78,100,12.28
423,Okhotsk,RU,7/31/2022 23:15,59.3833,143.3,58.26,88,100,7.34
424,Toktogul,KG,7/31/2022 23:15,41.8708,72.9402,67.46,63,100,1.45
425,Araguacu,BR,7/31/2022 23:15,-12.9306,-49.8264,80.01,22,0,2.3
426,Vadso,NO,7/31/2022 23:15,70.0744,29.7487,54.48,100,100,4.61
427,Palmer,US,7/31/2022 23:14,42.1584,-72.3287,81.64,64,75,3.44
428,Honningsvag,NO,7/31/2022 23:12,70.9821,25.9704,55.15,88,100,2.3
429,Burnie,AU,7/31/2022 23:15,-41.0667,145.9167,48.94,78,86,12.75
430,Flin Flon,CA,7/31/2022 23:15,54.7682,-101.865,67.84,60,75,9.22
431,Nuuk,GL,7/31/2022 23:15,64.1835,-51.7216,47.88,76,18,11.01
432,Ossora,RU,7/31/2022 23:15,59.2353,163.0719,58.05,73,48,9.91
433,Pita,GN,7/31/2022 23:15,10.8333,-12.5833,72.18,98,100,1.74
434,Port Hardy,CA,7/31/2022 23:15,50.6996,-127.4199,71.78,68,75,11.5
435,Salalah,OM,7/31/2022 23:15,17.0151,54.0924,77.09,88,75,9.22
436,Muli,MV,7/31/2022 23:15,2.9167,73.5667,80.29,77,100,27.65
437,Christchurch,NZ,7/31/2022 23:11,-43.5333,172.6333,49.32,66,0,4.61
438,Gebze,TR,7/31/2022 23:15,40.8028,29.4307,72.55,100,40,6.91
439,Vikhorevka,RU,7/31/2022 23:15,56.1201,101.1636,62.19,98,82,3.31
440,Venado Tuerto,AR,7/31/2022 23:15,-33.7456,-61.9688,58.77,45,0,6.26
441,Samarai,PG,7/31/2022 23:15,-10.6167,150.6667,80.76,80,61,11.72
442,Alamosa,US,7/31/2022 23:15,37.4695,-105.87,78.78,38,20,9.22
443,Mount Isa,AU,7/31/2022 23:15,-20.7333,139.5,67.77,32,0,8.05
444,Ravar,IR,7/31/2022 23:15,31.2656,56.8055,82.87,21,0,5.12
445,Wajima,JP,7/31/2022 23:15,37.4,136.9,86.68,74,0,3.44
446,Luanda,AO,7/31/2022 23:11,-8.8368,13.2343,66.65,94,64,11.14
447,Rincon,US,7/31/2022 23:15,32.296,-81.2354,89.91,64,40,12.66
448,Kjollefjord,NO,7/31/2022 23:15,70.9457,27.3465,55.45,94,100,1.14
449,Axim,GH,7/31/2022 23:15,4.8699,-2.2405,74.48,82,79,12.71
450,Koboko,UG,7/31/2022 23:15,3.4136,30.9599,60.85,94,78,4.05
451,Jardim,BR,7/31/2022 23:15,-21.4803,-56.1381,73.6,46,35,4.07
452,Saint-Joseph,RE,7/31/2022 23:15,-21.3667,55.6167,65.21,79,36,11.03
453,Pedernales,DO,7/31/2022 23:15,18.0384,-71.744,88.29,58,38,20.15
454,Zyryanka,RU,7/31/2022 23:15,65.75,150.85,71.69,44,57,21.63
455,Ginir,ET,7/31/2022 23:15,7.1333,40.7,59.81,77,86,8.72
456,Bima,ID,7/31/2022 23:15,-8.4667,118.7167,73.76,89,73,2.8
457,Phuket,TH,7/31/2022 23:15,8,98.25,87.13,89,40,10.36
458,Boueni,YT,7/31/2022 23:15,-12.9025,45.0761,71.58,74,0,3.94
459,Akureyri,IS,7/31/2022 23:15,65.6835,-18.0878,51.73,46,75,11.5
460,Harnosand,SE,7/31/2022 23:15,62.6323,17.9379,63,78,98,6.6
461,Fruitvale,US,7/31/2022 23:15,39.0817,-108.4968,93.34,23,0,5.99
462,Forrest City,US,7/31/2022 23:15,35.0081,-90.7898,74.34,97,100,14.41
463,Corinto,GR,7/31/2022 23:15,37.9407,22.9573,78.89,53,0,2.08
464,Smithers,CA,7/31/2022 23:15,54.7804,-127.1743,80.92,44,20,5.75
465,Mineiros,BR,7/31/2022 23:15,-17.5694,-52.5511,70.66,29,0,2.91
466,Turukhansk,RU,7/31/2022 23:16,65.8167,87.9833,46.4,76,99,14.99
467,Leningradskiy,RU,7/31/2022 23:16,69.3833,178.4167,51.22,63,52,6.69
468,Kalmunai,LK,7/31/2022 23:16,7.4167,81.8167,78.37,85,100,5.48
469,Kirovskiy,RU,7/31/2022 23:16,45.0917,133.5136,76.19,89,100,3.49
470,Matara,LK,7/31/2022 23:16,5.9485,80.5353,76.87,91,99,11.7
471,Sijunjung,ID,7/31/2022 23:16,-0.6876,100.9537,72.28,95,100,1.05
472,Yangambi,CD,7/31/2022 23:16,0.8102,24.4336,68.86,98,94,2.39
473,Cuamba,MZ,7/31/2022 23:16,-14.8031,36.5372,64,62,23,1.9
474,Safaga,EG,7/31/2022 23:16,26.7292,33.9365,87.06,36,18,8.39
475,Grand Gaube,MU,7/31/2022 23:16,-20.0064,57.6608,68.4,75,7,3
476,Tilichiki,RU,7/31/2022 23:16,60.4667,166.1,54.61,65,78,4.38
477,Sao Jose Da Coroa Grande,BR,7/31/2022 23:16,-8.8978,-35.1478,75.11,85,34,9.31
478,Cururupu,BR,7/31/2022 23:16,-1.8283,-44.8683,74.43,97,93,3.2
479,Gondanglegi,ID,7/31/2022 23:16,-7.7479,112.0132,70.02,90,87,4.81
480,Ozinki,RU,7/31/2022 23:16,51.1786,49.6769,66.87,78,21,8.7
481,Victoria,HK,7/31/2022 23:16,22.2855,114.1577,86.38,78,7,4
482,Asmar,AF,7/31/2022 23:16,35.0333,71.3581,73.31,85,45,1.05
483,Samana,DO,7/31/2022 23:16,19.2056,-69.3369,80.56,87,13,8.66
484,Lodja,CD,7/31/2022 23:16,-3.4833,23.4333,73.27,71,99,2.01
485,Pekan,MY,7/31/2022 23:16,3.4836,103.3996,73.51,91,100,4.05
486,Sabaudia,IT,7/31/2022 23:16,41.3003,13.0282,76.91,83,17,4.18
487,Camacha,PT,7/31/2022 23:16,33.0833,-16.3333,67.42,83,40,10.36
488,Taltal,CL,7/31/2022 23:16,-25.4,-70.4833,59.23,82,24,5.28
489,Severomorsk,RU,7/31/2022 23:16,69.0689,33.4162,46.8,93,71,7.78
490,Bredy,RU,7/31/2022 23:16,52.4153,60.3411,60.6,79,46,2.77
491,Praia,CV,7/31/2022 23:16,14.9215,-23.5087,77.54,73,75,12.66
492,Kande,TG,7/31/2022 23:16,9.9578,1.0447,74.71,86,98,2.39
493,Mezen,RU,7/31/2022 23:16,65.8522,44.24,58.03,98,100,4.07
494,Tromso,NO,7/31/2022 23:14,69.6496,18.957,59.02,67,0,12.66
495,Yerbogachen,RU,7/31/2022 23:16,61.2767,108.0108,66.67,80,17,0.49
496,Portobelo,PA,7/31/2022 23:16,9.55,-79.65,83.95,83,76,7.94
497,Xinqing,CN,7/31/2022 23:16,48.2333,129.5,75.45,86,8,3.36
498,Wahiawa,US,7/31/2022 23:16,21.5028,-158.0236,86.32,49,75,11.5
499,Polyarnyy,RU,7/31/2022 23:16,69.1989,33.4478,53.6,92,64,9.44
500,Guayata,CO,7/31/2022 23:16,4.9642,-73.4875,64.18,94,81,2.33
501,Tual,ID,7/31/2022 23:16,-5.6667,132.75,79.14,85,46,18.66
502,Mingguang,CN,7/31/2022 23:16,32.7802,117.9638,80.11,87,0,2.73
503,Katobu,ID,7/31/2022 23:16,-4.9408,122.5276,75.47,93,77,5.21
504,Tera,NE,7/31/2022 23:16,14.0078,0.7531,78.17,63,100,23.2
505,Qiongshan,CN,7/31/2022 23:16,20.0058,110.3542,78.78,94,0,4.47
506,Ismailia,EG,7/31/2022 23:16,30.6043,32.2723,76.08,83,0,6.15
507,Makakilo City,US,7/31/2022 23:16,21.3469,-158.0858,88.12,44,0,24.16
508,Sioux Lookout,CA,7/31/2022 23:15,50.1001,-91.917,68.07,94,75,2.3
509,Warka,PL,7/31/2022 23:16,51.7843,21.1909,61.68,97,100,9.01
510,Chifeng,CN,7/31/2022 23:16,42.2683,118.9636,75.6,69,4,3.53
511,Canandaigua,US,7/31/2022 23:16,42.8742,-77.288,81.25,56,99,4.59
512,Petrovsk,RU,7/31/2022 23:16,52.3064,45.3917,58.35,77,48,8.05
513,Coxim,BR,7/31/2022 23:17,-18.5067,-54.76,77.67,31,0,1.83
514,Sal Rei,CV,7/31/2022 23:17,16.1833,-22.9167,76.86,72,24,10.94
515,Lata,PT,7/31/2022 23:13,40.1629,-8.3327,69.69,61,0,2.3
516,Taunggyi,MM,7/31/2022 23:17,20.7833,97.0333,63.41,94,100,2.28
517,Abu Samrah,SY,7/31/2022 23:17,35.3029,37.1841,75.54,58,0,7.78
518,Sanming,CN,7/31/2022 23:17,26.2486,117.6186,80.01,85,4,1.25
519,Dakar,SN,7/31/2022 23:17,14.6937,-17.4441,80.73,83,40,13.8
520,Kurchum,KZ,7/31/2022 23:17,48.5722,83.6542,64.36,65,81,1.92
521,Plettenberg Bay,ZA,7/31/2022 23:17,-34.0527,23.3716,49.1,73,1,4.72
522,Hingham,US,7/31/2022 23:17,42.2418,-70.8898,84.02,60,75,12.66
523,Verkhnyaya Khava,RU,7/31/2022 23:17,51.8404,39.9413,60.87,65,99,7.72
524,Newtownards,GB,7/31/2022 23:17,54.5924,-5.6909,55.53,74,100,1.14
525,Berehove,UA,7/31/2022 23:17,48.2056,22.6442,62.65,94,98,1.59
526,Ferrara,IT,7/31/2022 23:17,44.8,11.8333,78.12,56,0,1.01
527,Bhim Tal,IN,7/31/2022 23:17,29.35,79.5667,64.76,93,100,2.04
528,Athabasca,CA,7/31/2022 23:15,54.7169,-113.2854,70.21,52,72,3.44
529,Esna,EG,7/31/2022 23:17,25.2934,32.554,87.75,17,86,8.46
530,Macklin,CA,7/31/2022 23:17,52.3334,-109.9348,77.34,67,91,8.86
531,Norrtalje,SE,7/31/2022 23:17,59.758,18.705,64.02,90,48,5.64
532,San-Pedro,CI,7/31/2022 23:17,4.7485,-6.6363,75.49,79,100,10.74
533,Bani Walid,LY,7/31/2022 23:17,31.7566,13.9942,77.02,57,0,6.87
534,Progreso,MX,7/31/2022 23:17,21.2833,-89.6667,89.71,75,85,17.54
535,Raudeberg,NO,7/31/2022 23:17,61.9875,5.1352,52.47,76,71,7.43
536,Apia,WS,7/31/2022 23:17,-13.8333,-171.7667,84.11,80,74,20.47
537,Puerto Narino,CO,7/31/2022 23:17,-3.7703,-70.3831,77.05,85,99,0.63
538,Kinwat,IN,7/31/2022 23:17,19.6333,78.2,77.97,86,100,4.12
539,La Romana,DO,7/31/2022 23:17,18.4273,-68.9728,84.56,79,20,11.5
540,Paracatu,BR,7/31/2022 23:16,-17.2222,-46.8747,73.08,31,14,2.66
541,Port Macquarie,AU,7/31/2022 23:17,-31.4333,152.9167,56.89,70,100,10.63
542,Baoqing,CN,7/31/2022 23:17,46.3317,132.2111,76.5,85,80,8.41
543,Prince Rupert,CA,7/31/2022 23:17,54.3161,-130.3201,60.89,94,100,5.75
544,Urucara,BR,7/31/2022 23:17,-2.5364,-57.76,75.31,86,56,3.09
545,Banjar,ID,7/31/2022 23:17,-8.19,114.9675,73.33,78,65,3.4
546,Tura,IN,7/31/2022 23:17,25.5198,90.2201,73.65,99,100,5.75
547,Buta,CD,7/31/2022 23:17,2.7858,24.73,69.46,99,87,1.21
548,San Policarpo,PH,7/31/2022 23:17,12.1791,125.5072,81.72,82,100,7.63
549,Lazaro Cardenas,MX,7/31/2022 23:17,17.9583,-102.2,85.77,66,65,11.16
550,Sorochinsk,RU,7/31/2022 23:17,52.4338,53.1583,65.52,65,100,4.99
551,Campos Altos,BR,7/31/2022 23:17,-19.6961,-46.1714,64.54,41,25,1.7
552,Bugiri,UG,7/31/2022 23:17,0.5714,33.7417,62.87,89,11,2.53
553,Amazar,RU,7/31/2022 23:17,53.858,120.875,64.17,89,56,3.06
554,Presidencia Roque Saenz Pena,AR,7/31/2022 23:17,-26.7852,-60.4388,62.87,44,0,6.02
555,Mouzouras,GR,7/31/2022 23:17,35.5333,24.15,77,83,0,0
556,Prieska,ZA,7/31/2022 23:17,-29.6641,22.7474,44.89,36,0,8.05
557,Kodinsk,RU,7/31/2022 23:17,58.6881,99.1844,64.76,88,57,2.89
558,Coracora,PE,7/31/2022 23:17,-15.0333,-73.7833,50.65,36,0,3.8
559,Kenai,US,7/31/2022 23:17,60.5544,-151.2583,67.03,74,0,13.8
560,Lasa,IT,7/31/2022 23:18,46.6166,10.7002,67.08,88,3,4.65
561,Cascais,PT,7/31/2022 23:18,38.6979,-9.4215,78.62,61,1,1.01
562,Mao,ES,7/31/2022 23:18,39.8885,4.2658,77.56,57,0,5.75
563,Zemio,CF,7/31/2022 23:18,5.0314,25.1361,68.05,92,96,2.13
564,Walvis Bay,NA,7/31/2022 23:18,-22.9575,14.5053,55.09,76,0,9.22
565,Sakakah,SA,7/31/2022 23:18,29.9697,40.2064,89.17,17,61,7.38
566,Assomada,CV,7/31/2022 23:18,15.1,-23.6833,72.95,76,28,8.55
567,Conceicao Do Araguaia,BR,7/31/2022 23:18,-8.2578,-49.2647,86.68,29,43,1.68
568,Areosa,PT,7/31/2022 23:18,41.7178,-8.8571,71.31,64,0,2.53
569,Varhaug,NO,7/31/2022 23:18,58.6147,5.6457,53.89,76,1,19.28
570,Muskegon,US,7/31/2022 23:16,43.3,-86.1334,83.01,50,0,11.5
571,Maniwaki,CA,7/31/2022 23:18,46.3834,-75.966,80.98,44,25,6.91
572,Palu,ID,7/31/2022 23:16,-0.8917,119.8707,76.26,96,100,1.19
573,Gladstone,AU,7/31/2022 23:18,-23.85,151.25,64.33,77,100,8.05
574,Manaure,CO,7/31/2022 23:18,11.7751,-72.4445,86.77,58,7,22.32
