City_ID,City,Lat,Lng,Max Temp,Humidity,Cloudiness,Wind Speed,Weather Description,Country,Date
0,Bredasdorp,-34.5322,20.0403,53.17,88,99,4.12,light rain,ZA,2022-08-06 05:09:11
1,Ilulissat,69.2167,-51.1,44.62,100,100,4.61,overcast clouds,GL,2022-08-06 05:09:11
2,Puerto Ayora,-0.7393,-90.3518,69.55,93,77,8.01,broken clouds,EC,2022-08-06 05:09:12
3,Albany,42.6001,-73.9662,74.03,90,79,2.95,broken clouds,US,2022-08-06 05:09:12
4,Bluff,-46.6,168.3333,57.79,72,32,12.77,light rain,NZ,2022-08-06 05:09:13
5,Dengfeng,34.4553,113.0281,95.83,44,7,10.71,clear sky,CN,2022-08-06 05:09:13
6,East London,-33.0153,27.9116,58.96,74,20,8.84,few clouds,ZA,2022-08-06 05:08:07
7,Cockburn Town,21.4612,-71.1419,81.66,76,20,21.7,few clouds,TC,2022-08-06 05:09:14
8,Faanui,-16.4833,-151.75,77.14,79,74,24.65,moderate rain,PF,2022-08-06 05:09:15
9,Saint-Philippe,-21.3585,55.7679,70.21,64,7,9.69,clear sky,RE,2022-08-06 05:09:16
10,Atuona,-9.8,-139.0333,77.56,72,10,15.77,clear sky,PF,2022-08-06 05:09:16
11,Araguaina,-7.1911,-48.2072,75.87,65,75,1.45,broken clouds,BR,2022-08-06 05:09:17
12,Airai,-8.9266,125.4092,75.69,50,42,3.87,scattered clouds,TL,2022-08-06 05:09:18
13,Saurimo,-9.6608,20.3916,57.96,47,48,4.54,scattered clouds,AO,2022-08-06 05:09:18
14,Busselton,-33.65,115.3333,58.89,62,99,14.18,overcast clouds,AU,2022-08-06 05:09:19
15,Kavieng,-2.5744,150.7967,83.66,68,75,1.57,broken clouds,PG,2022-08-06 05:09:19
16,Sorland,67.667,12.6934,53.46,90,95,26.96,light rain,NO,2022-08-06 05:09:20
17,Sampit,-2.5333,112.95,89.4,51,78,4.09,broken clouds,ID,2022-08-06 05:09:20
18,Tiarei,-17.5333,-149.3333,77.02,81,67,29.06,light rain,PF,2022-08-06 05:09:21
19,Leningradskiy,69.3833,178.4167,35.49,97,100,4.59,light rain,RU,2022-08-06 05:05:28
20,Kodiak,57.79,-152.4072,62.11,48,20,10.36,few clouds,US,2022-08-06 05:09:23
21,Punta Arenas,-53.15,-70.9167,35.71,87,0,5.75,clear sky,CL,2022-08-06 05:08:38
22,Shingu,33.7333,135.9833,83.52,76,78,6.49,broken clouds,JP,2022-08-06 05:09:24
23,Asosa,10.0667,34.5333,62.47,89,89,2.77,overcast clouds,ET,2022-08-06 05:09:24
24,Araouane,18.9048,-3.5265,90.99,43,39,11.1,scattered clouds,ML,2022-08-06 05:09:25
25,Saskylakh,71.9167,114.0833,64.42,47,7,9.01,clear sky,RU,2022-08-06 05:09:25
26,Sao Joao Da Barra,-21.6403,-41.0511,68.99,82,1,15.21,clear sky,BR,2022-08-06 05:09:26
27,Whitehorse,60.7161,-135.0538,55.81,68,97,1.99,overcast clouds,CA,2022-08-06 05:09:26
28,Nikolskoye,59.7035,30.7861,73.8,78,83,7.29,broken clouds,RU,2022-08-06 05:09:26
29,Vaini,-21.2,-175.2,78.96,94,75,5.75,shower rain,TO,2022-08-06 05:09:27
30,Kem,64.9555,34.5793,68.63,62,41,13.09,scattered clouds,RU,2022-08-06 05:09:28
31,Avarua,-21.2078,-159.775,75.25,69,100,6.91,overcast clouds,CK,2022-08-06 05:09:28
32,Angoche,-16.2325,39.9086,72.14,77,2,4.18,clear sky,MZ,2022-08-06 05:09:29
33,Yellowknife,62.456,-114.3525,53.22,68,90,8.75,overcast clouds,CA,2022-08-06 05:07:03
34,Itapaci,-14.9508,-49.5494,70.18,46,80,3.2,broken clouds,BR,2022-08-06 05:09:30
35,Kapaa,22.0752,-159.319,80.58,80,40,8.05,scattered clouds,US,2022-08-06 05:09:30
36,Saint George,37.1041,-113.5841,88.63,40,0,5.75,clear sky,US,2022-08-06 05:04:44
37,Mataura,-46.1927,168.8643,57.47,74,43,4.7,scattered clouds,NZ,2022-08-06 05:09:31
38,Upernavik,72.7868,-56.1549,37.54,96,66,8.99,broken clouds,GL,2022-08-06 05:09:32
39,Samarai,-10.6167,150.6667,81.28,80,31,12.28,scattered clouds,PG,2022-08-06 05:09:32
40,Hualmay,-11.0964,-77.6139,61.68,83,75,9.42,broken clouds,PE,2022-08-06 05:09:33
41,Dikson,73.5069,80.5464,41.97,99,100,11.25,overcast clouds,RU,2022-08-06 05:09:33
42,Rio Grande,-32.035,-52.0986,37.94,85,2,5.79,clear sky,BR,2022-08-06 05:04:40
43,Hermanus,-34.4187,19.2345,53.8,82,98,10.67,overcast clouds,ZA,2022-08-06 05:09:34
44,Nanortalik,60.1432,-45.2371,45.99,94,100,1.9,overcast clouds,GL,2022-08-06 05:09:34
45,Prince Albert,53.2001,-105.7677,52.11,84,71,5.39,broken clouds,CA,2022-08-06 05:09:35
46,Port Alfred,-33.5906,26.891,57.18,83,71,10.25,broken clouds,ZA,2022-08-06 05:09:35
47,Kruisfontein,-34.0033,24.7314,49.57,84,45,6.73,scattered clouds,ZA,2022-08-06 05:10:36
48,Fortuna,40.5982,-124.1573,61.93,85,33,1.48,scattered clouds,US,2022-08-06 05:10:37
49,Mahebourg,-20.4081,57.7,74.25,61,2,10.18,clear sky,MU,2022-08-06 05:10:38
50,New Norfolk,-42.7826,147.0587,47.7,69,66,1.99,broken clouds,AU,2022-08-06 05:10:38
51,Ushuaia,-54.8,-68.3,33.46,86,0,4.61,clear sky,AR,2022-08-06 05:06:05
52,Cap Malheureux,-19.9842,57.6142,74.46,62,9,5.01,clear sky,MU,2022-08-06 05:10:39
53,Tazovskiy,67.4667,78.7,54.82,95,100,11.77,light rain,RU,2022-08-06 05:10:40
54,Savinka,50.0785,47.0994,82.02,31,0,13.15,clear sky,RU,2022-08-06 05:10:40
55,Makakilo City,21.3469,-158.0858,80.92,71,0,8.05,clear sky,US,2022-08-06 05:10:42
56,Gewane,10.1664,40.6453,81.5,56,84,4.43,broken clouds,ET,2022-08-06 05:10:43
57,Hay River,60.8156,-115.7999,60.12,55,36,11.63,scattered clouds,CA,2022-08-06 05:10:44
58,Sur,22.5667,59.5289,90.91,54,97,2.91,overcast clouds,OM,2022-08-06 05:10:45
59,Butaritari,3.0707,172.7902,82.78,74,87,12.37,overcast clouds,KI,2022-08-06 05:10:46
60,Okhotsk,59.3833,143.3,57.56,86,100,17.49,overcast clouds,RU,2022-08-06 05:06:50
61,Qaanaaq,77.484,-69.3632,36.07,64,31,4.05,scattered clouds,GL,2022-08-06 05:10:47
62,Tasiilaq,65.6145,-37.6368,41.16,73,97,3.18,overcast clouds,GL,2022-08-06 05:10:47
63,Pevek,69.7008,170.3133,36.05,98,100,6.62,light rain,RU,2022-08-06 05:10:48
64,Naifaru,5.4444,73.3657,81.07,81,99,17.09,light rain,MV,2022-08-06 05:10:49
65,Nuuk,64.1835,-51.7216,43.41,93,100,2.3,fog,GL,2022-08-06 05:10:50
66,San Carlos De Bariloche,-41.1456,-71.3082,31.05,96,100,4.72,light snow,AR,2022-08-06 05:07:53
67,Camacha,33.0833,-16.3333,67.42,83,75,9.22,broken clouds,PT,2022-08-06 05:10:52
68,Jamestown,42.097,-79.2353,71.71,72,0,1.99,clear sky,US,2022-08-06 05:10:27
69,Port Elizabeth,-33.918,25.5701,51.31,87,51,1.01,broken clouds,ZA,2022-08-06 05:10:53
70,Rikitea,-23.1203,-134.9692,70.25,60,79,17.76,broken clouds,PF,2022-08-06 05:10:53
71,Arraial Do Cabo,-22.9661,-42.0278,69.15,79,47,15.93,scattered clouds,BR,2022-08-06 05:10:54
72,Prince Rupert,54.3161,-130.3201,56.79,94,100,1.68,overcast clouds,CA,2022-08-06 05:10:31
73,Whitley Bay,55.0397,-1.4471,53.51,87,0,3.44,clear sky,GB,2022-08-06 05:10:55
74,Esperance,-33.8667,121.9,58.57,51,43,10.33,scattered clouds,AU,2022-08-06 05:10:56
75,Castro,-24.7911,-50.0119,54.68,91,35,9.22,scattered clouds,BR,2022-08-06 05:06:45
76,Sao Felix Do Xingu,-6.6447,-51.995,72.32,73,56,1.23,broken clouds,BR,2022-08-06 05:10:56
77,Port-Cartier,50.0334,-66.8654,56.75,60,78,5.64,broken clouds,CA,2022-08-06 05:10:58
78,Camana,-16.6228,-72.7111,59.65,89,59,7.31,broken clouds,PE,2022-08-06 05:10:59
79,Greeneville,36.1632,-82.831,69.94,97,75,1.01,broken clouds,US,2022-08-06 05:11:01
80,Tornio,65.8481,24.1466,60.82,80,100,5.88,light rain,FI,2022-08-06 05:11:03
81,Kirakira,-10.4544,161.9205,84.25,73,97,11.99,overcast clouds,SB,2022-08-06 05:11:04
82,Angren,41.0167,70.1436,84.31,24,0,4.94,clear sky,UZ,2022-08-06 05:11:05
83,Saldanha,-33.0117,17.9442,53.51,90,1,11.63,clear sky,ZA,2022-08-06 05:08:03
84,Fairbanks,64.8378,-147.7164,57.16,82,75,5.75,broken clouds,US,2022-08-06 05:11:13
85,Souillac,-20.5167,57.5167,71.56,57,0,10.18,clear sky,MU,2022-08-06 05:11:13
86,Hamilton,39.1834,-84.5333,75.15,94,100,1.01,mist,US,2022-08-06 05:08:49
87,Mar Del Plata,-38.0023,-57.5575,42.1,90,99,3.44,overcast clouds,AR,2022-08-06 05:11:14
88,Bethel,41.3712,-73.414,77.31,92,0,0.0,clear sky,US,2022-08-06 05:10:32
89,Gigmoto,13.7796,124.39,82.27,77,100,10.27,moderate rain,PH,2022-08-06 05:11:16
90,Hobart,-42.8794,147.3294,48.06,78,75,16.11,broken clouds,AU,2022-08-06 05:11:04
91,Kaohsiung,22.6163,120.3133,91.49,71,40,10.36,scattered clouds,TW,2022-08-06 05:11:16
92,Datong,40.0936,113.2914,93.27,34,49,9.69,scattered clouds,CN,2022-08-06 05:12:19
93,San Pedro,14.35,121.0167,84.31,78,100,6.53,overcast clouds,PH,2022-08-06 05:12:20
94,Jacksonville,30.3322,-81.6556,82.4,87,20,8.05,few clouds,US,2022-08-06 05:08:02
95,Carnarvon,-24.8667,113.6333,68.88,37,0,7.07,clear sky,AU,2022-08-06 05:11:08
96,Kikwit,-5.041,18.8162,71.76,33,59,0.54,broken clouds,CD,2022-08-06 05:12:22
97,San Ignacio,17.1561,-89.0714,73.54,100,0,0.0,clear sky,BZ,2022-08-06 05:12:22
98,Comarapa,-17.9,-64.4833,52.79,96,100,1.07,overcast clouds,BO,2022-08-06 05:12:23
99,Husavik,66.0449,-17.3389,50.13,73,70,7.94,broken clouds,IS,2022-08-06 05:12:24
100,Guerrero Negro,27.9769,-114.0611,71.31,87,16,12.73,few clouds,MX,2022-08-06 05:07:46
101,Palmas,-10.2128,-48.3603,76.87,65,0,2.3,clear sky,BR,2022-08-06 05:12:25
102,Asau,46.4333,26.4,65.32,70,2,2.86,clear sky,RO,2022-08-06 05:12:26
103,Linz,48.3064,14.2861,70.68,87,75,6.91,broken clouds,AT,2022-08-06 05:12:27
104,Cape Town,-33.9258,18.4232,55.9,90,18,11.99,few clouds,ZA,2022-08-06 05:12:30
105,Rehoboth,-23.3167,17.0833,52.97,40,10,4.18,clear sky,NA,2022-08-06 05:12:30
106,Ancud,-41.8697,-73.8203,40.23,88,6,6.8,clear sky,CL,2022-08-06 05:12:31
107,Houma,29.5958,-90.7195,78.01,93,0,0.0,clear sky,US,2022-08-06 05:09:59
108,Khatanga,71.9667,102.5,69.46,55,33,8.7,light rain,RU,2022-08-06 05:12:32
109,Chokurdakh,70.6333,147.9167,60.31,42,16,7.23,few clouds,RU,2022-08-06 05:12:33
110,Pasni,25.2631,63.471,80.82,83,60,6.71,broken clouds,PK,2022-08-06 05:12:33
111,Victoria,22.2855,114.1577,88.97,86,75,8.99,light rain,HK,2022-08-06 05:09:13
112,Touros,-5.1989,-35.4608,71.13,91,8,10.16,clear sky,BR,2022-08-06 05:12:35
113,Villaviciosa,43.4813,-5.4357,66.99,87,100,4.27,overcast clouds,ES,2022-08-06 05:12:36
114,Honiara,-9.4333,159.95,83.26,75,96,6.11,overcast clouds,SB,2022-08-06 05:12:38
115,Vung Tau,10.346,107.0843,82.53,72,100,17.29,overcast clouds,VN,2022-08-06 05:12:39
116,Gumdag,39.2061,54.5906,94.08,18,36,16.08,scattered clouds,TM,2022-08-06 05:12:41
117,Tura,25.5198,90.2201,75.83,95,99,4.47,overcast clouds,IN,2022-08-06 05:12:41
118,Tuktoyaktuk,69.4541,-133.0374,62.67,59,89,13.2,overcast clouds,CA,2022-08-06 05:12:42
119,Padang,-0.9492,100.3543,87.85,64,19,5.01,few clouds,ID,2022-08-06 05:12:43
120,Yulara,-25.2406,130.9889,63.86,20,0,5.79,clear sky,AU,2022-08-06 05:12:44
121,Norman Wells,65.282,-126.8329,67.91,56,79,6.53,broken clouds,CA,2022-08-06 05:12:45
122,Mount Isa,-20.7333,139.5,78.57,27,36,12.66,scattered clouds,AU,2022-08-06 05:12:45
123,Lompoc,34.6391,-120.4579,62.78,92,100,5.75,overcast clouds,US,2022-08-06 05:12:46
124,Port Lincoln,-34.7333,135.8667,56.75,63,58,15.61,moderate rain,AU,2022-08-06 05:12:47
125,Vizianagaram,18.1167,83.4167,85.51,75,100,0.47,moderate rain,IN,2022-08-06 05:12:48
126,Mayumba,-3.432,10.6554,67.89,91,22,4.72,few clouds,GA,2022-08-06 05:12:48
127,Hasaki,35.7333,140.8333,82.29,70,100,7.23,overcast clouds,JP,2022-08-06 05:12:49
128,Hilo,19.7297,-155.09,79.29,92,100,5.01,mist,US,2022-08-06 05:10:59
129,Dekar,-21.5333,21.9333,55.9,25,0,6.8,clear sky,BW,2022-08-06 05:12:51
130,Porto Velho,-8.7619,-63.9039,73.45,94,20,4.61,few clouds,BR,2022-08-06 05:12:08
131,Isangel,-19.55,169.2667,78.71,71,17,9.42,few clouds,VU,2022-08-06 05:12:52
132,Kaeo,-35.1,173.7833,60.33,82,72,8.05,broken clouds,NZ,2022-08-06 05:12:53
133,Honningsvag,70.9821,25.9704,53.35,66,2,12.66,clear sky,NO,2022-08-06 05:12:54
134,Hithadhoo,-0.6,73.0833,82.4,72,81,10.49,broken clouds,MV,2022-08-06 05:12:55
135,Anadyr,64.75,177.4833,63.1,51,0,13.42,clear sky,RU,2022-08-06 05:12:56
136,Provideniya,64.3833,-173.3,49.91,65,55,12.01,broken clouds,RU,2022-08-06 05:13:56
137,Star,43.6921,-116.4935,82.63,48,20,9.22,haze,US,2022-08-06 05:13:56
138,Villafranca Di Verona,45.3524,10.8402,79.41,75,0,3.44,clear sky,IT,2022-08-06 05:13:58
139,Chuy,-33.6971,-53.4616,43.79,91,2,3.33,clear sky,UY,2022-08-06 05:13:58
140,Mezen,65.8522,44.24,73.65,61,33,10.67,scattered clouds,RU,2022-08-06 05:13:59
141,Bajil,15.0584,43.2851,88.3,52,93,4.18,overcast clouds,YE,2022-08-06 05:14:00
142,Leshukonskoye,64.8989,45.7622,74.35,60,15,7.87,few clouds,RU,2022-08-06 05:14:00
143,Georgetown,5.4112,100.3354,89.53,58,20,9.22,few clouds,MY,2022-08-06 05:10:27
144,Los Llanos De Aridane,28.6585,-17.9182,69.55,78,100,16.11,overcast clouds,ES,2022-08-06 05:10:49
145,Ponta Do Sol,32.6667,-17.1,71.71,80,15,5.48,few clouds,PT,2022-08-06 05:14:02
146,Hobyo,5.3505,48.5268,78.48,73,32,25.05,scattered clouds,SO,2022-08-06 05:14:02
147,Mikuni,36.2171,136.1519,87.78,64,94,9.89,overcast clouds,JP,2022-08-06 05:14:03
148,Teya,60.3778,92.6267,64.18,48,100,4.85,overcast clouds,RU,2022-08-06 05:14:03
149,Kahului,20.8947,-156.47,82.42,73,20,11.5,few clouds,US,2022-08-06 05:09:31
150,Bengkulu,-3.8004,102.2655,83.39,64,7,5.12,clear sky,ID,2022-08-06 05:14:04
151,Bambous Virieux,-20.3428,57.7575,74.21,62,3,9.78,clear sky,MU,2022-08-06 05:14:04
152,Codrington,-38.2667,141.9667,55.51,74,49,6.82,scattered clouds,AU,2022-08-06 05:14:05
153,Leopold,-38.1833,144.4667,56.82,77,100,8.05,light rain,AU,2022-08-06 05:14:05
154,Vilhena,-12.7406,-60.1458,71.38,52,95,0.69,overcast clouds,BR,2022-08-06 05:14:06
155,Ust-Nera,64.5667,143.2,76.05,49,95,4.97,overcast clouds,RU,2022-08-06 05:14:06
156,Caxito,-8.5785,13.6643,62.24,95,35,1.81,scattered clouds,AO,2022-08-06 05:14:06
157,Sungaipenuh,-2.0833,101.3833,75.49,69,22,3.31,few clouds,ID,2022-08-06 05:14:07
158,Lebu,-37.6167,-73.65,50.23,91,100,2.21,overcast clouds,CL,2022-08-06 05:14:07
159,Itoman,26.1247,127.6694,89.62,74,75,10.36,broken clouds,JP,2022-08-06 05:14:08
160,Sistranda,63.7256,8.834,51.76,84,96,20.98,light rain,NO,2022-08-06 05:14:08
161,Ribeira Grande,38.5167,-28.7,75.27,83,88,11.43,overcast clouds,PT,2022-08-06 05:14:08
162,Thompson,55.7435,-97.8558,46.56,93,100,13.8,overcast clouds,CA,2022-08-06 05:14:09
163,Naze,28.3667,129.4833,88.72,73,86,3.18,light rain,JP,2022-08-06 05:14:09
164,Portland,45.5234,-122.6762,73.33,54,0,9.22,clear sky,US,2022-08-06 05:13:28
165,Barrow,71.2906,-156.7887,39.22,93,100,11.5,overcast clouds,US,2022-08-06 05:14:10
166,Okha,53.5739,142.9478,57.07,82,66,22.95,broken clouds,RU,2022-08-06 05:14:10
167,San Ramon,37.7799,-121.978,66.49,80,0,12.66,clear sky,US,2022-08-06 05:09:49
168,Kropotkin,45.4375,40.5756,78.17,51,29,11.81,scattered clouds,RU,2022-08-06 05:14:12
169,Lodingen,68.414,15.9951,53.74,69,97,2.82,light rain,NO,2022-08-06 05:14:13
170,Teno,-34.8667,-71.1833,47.75,87,100,0.0,light rain,CL,2022-08-06 05:14:14
171,Omboue,-1.5746,9.2618,70.34,86,81,7.52,broken clouds,GA,2022-08-06 05:14:14
172,Sitka,57.0531,-135.33,60.69,82,100,3.44,light rain,US,2022-08-06 05:14:15
173,Hailey,43.5196,-114.3153,66.88,74,75,5.75,broken clouds,US,2022-08-06 05:14:16
174,Ayan,56.45,138.1667,54.86,98,100,21.47,light rain,RU,2022-08-06 05:14:17
175,Shouguang,36.88,118.7375,97.34,50,59,5.03,broken clouds,CN,2022-08-06 05:14:17
176,Saint-Francois,46.4154,3.9054,63.84,68,0,5.75,clear sky,FR,2022-08-06 05:14:18
177,Chabahar,25.2919,60.643,81.97,79,96,5.5,overcast clouds,IR,2022-08-06 05:14:19
178,Marsa Matruh,31.3525,27.2453,76.93,73,0,9.66,clear sky,EG,2022-08-06 05:14:20
179,Mao,39.8885,4.2658,77.56,88,0,4.61,clear sky,ES,2022-08-06 05:15:21
180,Jerome,42.7241,-114.5186,68.83,84,100,4.61,overcast clouds,US,2022-08-06 05:15:22
181,Bolitoc,15.7395,119.8769,81.05,83,100,6.2,heavy intensity rain,PH,2022-08-06 05:15:24
182,Tiksi,71.6872,128.8694,41.4,81,100,13.2,overcast clouds,RU,2022-08-06 05:15:24
183,Nizwa,22.9333,57.5333,95.49,29,17,1.83,few clouds,OM,2022-08-06 05:15:25
184,Kalmunai,7.4167,81.8167,88.34,47,100,6.35,overcast clouds,LK,2022-08-06 05:15:26
185,Tuatapere,-46.1333,167.6833,53.02,74,21,5.55,moderate rain,NZ,2022-08-06 05:15:27
186,Dharchula,29.85,80.5333,77.81,85,99,1.83,overcast clouds,IN,2022-08-06 05:15:27
187,Havelock,34.8791,-76.9013,84.18,91,43,5.14,scattered clouds,US,2022-08-06 05:10:41
188,Petropavlovsk-Kamchatskiy,53.0452,158.6483,66.79,68,20,15.66,few clouds,RU,2022-08-06 05:15:28
189,Karratha,-20.7377,116.8463,75.31,28,0,15.28,clear sky,AU,2022-08-06 05:15:29
190,Livramento,-3.0254,-60.1803,81.27,94,0,0.0,clear sky,BR,2022-08-06 05:15:30
191,Valdivia,-39.8142,-73.2459,44.69,99,100,2.95,moderate rain,CL,2022-08-06 05:15:31
192,Gat,31.61,34.7642,80.4,100,0,2.93,clear sky,IL,2022-08-06 05:13:05
193,Nishihara,26.1842,127.7558,88.88,79,75,11.5,broken clouds,JP,2022-08-06 05:15:32
194,Picota,-6.9197,-76.3304,70.63,98,99,1.16,overcast clouds,PE,2022-08-06 05:15:32
195,Kabinda,-6.1333,24.4833,67.33,41,11,3.85,few clouds,CD,2022-08-06 05:15:33
196,Saint-Claude,46.5,5.8333,64.18,84,86,2.39,overcast clouds,FR,2022-08-06 05:15:33
197,Nizhniy Kuranakh,58.8353,125.4869,52.47,98,100,4.59,moderate rain,RU,2022-08-06 05:15:34
198,Gao,16.6362,1.637,85.26,52,53,15.68,broken clouds,ML,2022-08-06 05:15:35
199,Lundazi,-12.2929,33.1782,59.11,67,6,5.35,clear sky,ZM,2022-08-06 05:15:36
200,Comodoro Rivadavia,-45.8667,-67.5,40.86,75,75,9.22,light rain,AR,2022-08-06 05:14:03
201,Abonnema,4.7084,6.7931,73.04,87,99,4.09,overcast clouds,NG,2022-08-06 05:15:37
202,Broken Hill,-31.95,141.4333,59.72,33,1,21.88,clear sky,AU,2022-08-06 05:15:38
203,Baracoa,20.3467,-74.4958,79.9,83,89,12.08,overcast clouds,CU,2022-08-06 05:15:39
204,Bonnyville,54.2668,-110.735,53.4,71,79,5.01,broken clouds,CA,2022-08-06 05:15:39
205,Aklavik,68.2191,-135.0107,66.51,56,96,13.24,overcast clouds,CA,2022-08-06 05:15:39
206,Vila Do Maio,15.1333,-23.2167,77.79,84,100,8.3,overcast clouds,CV,2022-08-06 05:15:40
207,Alexandria,31.2156,29.9553,79.43,67,0,8.52,clear sky,EG,2022-08-06 05:12:02
208,Luderitz,-26.6481,15.1594,58.46,59,94,2.68,overcast clouds,NA,2022-08-06 05:15:40
209,Vila Franca Do Campo,37.7167,-25.4333,72.01,91,100,7.36,light rain,PT,2022-08-06 05:15:42
210,Bredy,52.4153,60.3411,73.04,54,6,11.12,clear sky,RU,2022-08-06 05:15:43
211,Lagoa,39.05,-27.9833,74.14,86,58,11.83,light rain,PT,2022-08-06 05:15:43
212,Silver City,32.7701,-108.2803,73.36,57,0,9.22,clear sky,US,2022-08-06 05:15:43
213,Richards Bay,-28.783,32.0377,62.04,90,0,5.32,clear sky,ZA,2022-08-06 05:15:44
214,Namibe,-15.1961,12.1522,60.33,89,1,6.71,clear sky,AO,2022-08-06 05:15:45
215,Banes,20.9625,-75.7186,79.27,80,91,12.3,overcast clouds,CU,2022-08-06 05:15:45
216,Sulangan,11.1373,123.7228,82.13,74,100,2.68,overcast clouds,PH,2022-08-06 05:15:46
217,Aqtobe,50.2797,57.2072,78.89,36,0,8.95,clear sky,KZ,2022-08-06 05:15:46
218,Imbituba,-28.24,-48.6703,57.09,89,92,3.0,overcast clouds,BR,2022-08-06 05:15:47
219,Torbay,47.6666,-52.7314,66.76,91,100,21.85,overcast clouds,CA,2022-08-06 05:15:48
220,Cidreira,-30.1811,-50.2056,49.73,79,4,4.61,clear sky,BR,2022-08-06 05:15:48
221,Ustye,59.6304,39.736,72.14,64,11,4.94,few clouds,RU,2022-08-06 05:15:48
222,Verkhoyansk,67.5447,133.385,50.94,90,100,4.74,light rain,RU,2022-08-06 05:15:49
223,Chiman,32.5463,73.8138,89.44,66,58,7.25,broken clouds,PK,2022-08-06 05:15:50
224,Polovinnoye,54.7914,65.9864,73.38,54,11,5.26,few clouds,RU,2022-08-06 05:15:50
225,Ust-Tsilma,65.441,52.1498,73.62,61,64,5.23,broken clouds,RU,2022-08-06 05:16:51
226,San Vicente,-26.6167,-54.1333,44.87,97,11,3.51,few clouds,AR,2022-08-06 05:16:52
227,Paamiut,61.994,-49.6678,44.26,97,100,2.3,overcast clouds,GL,2022-08-06 05:13:26
228,Abu Zabad,12.35,29.25,76.78,77,100,6.02,overcast clouds,SD,2022-08-06 05:16:53
229,Barcelos,41.5388,-8.6151,67.91,88,30,1.92,scattered clouds,PT,2022-08-06 05:16:54
230,Alekseyevka,50.6309,38.6903,69.57,59,87,8.39,overcast clouds,RU,2022-08-06 05:16:54
231,Batouri,4.4333,14.3667,64.76,99,95,3.04,overcast clouds,CM,2022-08-06 05:16:55
232,Pingzhuang,42.0372,119.2889,93.34,33,94,6.91,overcast clouds,CN,2022-08-06 05:16:55
233,Narsaq,60.9167,-46.05,46.62,94,100,3.71,overcast clouds,GL,2022-08-06 05:16:56
234,Cayenne,4.9333,-52.3333,82.09,1,0,0.0,clear sky,GF,2022-08-06 05:14:56
235,Mayor Pablo Lagerenza,-19.9309,-60.7718,66.45,69,100,2.93,overcast clouds,PY,2022-08-06 05:16:58
236,Paragominas,-2.9667,-47.4833,69.84,95,5,3.18,clear sky,BR,2022-08-06 05:16:58
237,Talara,-4.5772,-81.2719,64.85,79,98,15.19,overcast clouds,PE,2022-08-06 05:16:59
238,Cairns,-16.9167,145.7667,93.07,72,39,4.61,scattered clouds,AU,2022-08-06 05:16:59
239,Katsuura,35.1333,140.3,77.67,73,100,7.47,overcast clouds,JP,2022-08-06 05:17:00
240,Camapua,-19.5314,-54.0439,68.11,65,7,5.37,clear sky,BR,2022-08-06 05:17:01
241,Bundaberg,-24.85,152.35,64.22,92,99,4.0,overcast clouds,AU,2022-08-06 05:17:01
242,Taperoa,-7.2075,-36.8267,62.91,96,6,6.91,clear sky,BR,2022-08-06 05:17:02
243,Byron Bay,-28.65,153.6167,72.95,51,73,5.41,broken clouds,AU,2022-08-06 05:17:02
244,Cherskiy,68.75,161.3,57.07,45,100,6.04,overcast clouds,RU,2022-08-06 05:17:03
245,Pochutla,15.7432,-96.4661,76.82,92,100,3.11,overcast clouds,MX,2022-08-06 05:17:03
246,Azuaga,38.2667,-5.6833,70.97,60,0,3.2,clear sky,ES,2022-08-06 05:17:04
247,Bosaso,11.2842,49.1816,89.49,40,4,27.11,clear sky,SO,2022-08-06 05:17:04
248,Lashio,22.9333,97.75,74.48,94,94,1.99,overcast clouds,MM,2022-08-06 05:17:05
249,Bandarbeyla,9.4942,50.8122,81.37,55,63,30.6,broken clouds,SO,2022-08-06 05:17:06
250,Sao Filipe,14.8961,-24.4956,77.25,82,88,5.64,overcast clouds,CV,2022-08-06 05:17:06
251,Oktyabrskoye,43.0645,44.7417,68.14,88,98,2.24,overcast clouds,RU,2022-08-06 05:17:07
252,Kamaishi,39.2667,141.8833,75.54,65,100,7.18,overcast clouds,JP,2022-08-06 05:17:07
253,San Cristobal,7.7669,-72.225,68.18,98,97,1.39,overcast clouds,VE,2022-08-06 05:17:08
254,Sobolevo,54.4299,31.8996,67.91,83,3,6.87,clear sky,RU,2022-08-06 05:17:08
255,Nouadhibou,20.931,-17.0347,71.58,88,40,4.61,scattered clouds,MR,2022-08-06 05:17:09
256,Mercedes,-34.6515,-59.4307,42.04,66,0,5.73,clear sky,AR,2022-08-06 05:17:09
257,Talnakh,69.4865,88.3972,61.21,60,62,8.93,broken clouds,RU,2022-08-06 05:17:10
258,Dakar,14.6937,-17.4441,77.88,82,91,6.69,overcast clouds,SN,2022-08-06 05:12:45
259,Saint-Joseph,-21.3667,55.6167,73.78,61,6,5.35,clear sky,RE,2022-08-06 05:17:11
260,Coahuayana,18.7333,-103.6833,77.76,89,64,3.42,broken clouds,MX,2022-08-06 05:17:11
261,Chara,56.9064,118.2631,62.58,55,100,3.18,overcast clouds,RU,2022-08-06 05:17:12
262,Brebu,45.4203,21.9925,73.94,43,0,1.81,clear sky,RO,2022-08-06 05:17:13
263,Sibolga,1.7427,98.7792,85.33,58,56,4.41,broken clouds,ID,2022-08-06 05:17:13
264,Magomeni,-6.8,39.25,71.87,69,13,4.32,few clouds,TZ,2022-08-06 05:17:13
265,Roebourne,-20.7833,117.1333,75.99,26,0,13.33,clear sky,AU,2022-08-06 05:17:14
266,Oromocto,45.8351,-66.4792,69.73,68,100,9.22,overcast clouds,CA,2022-08-06 05:17:15
267,Muros,42.7762,-9.0603,68.09,77,78,8.57,broken clouds,ES,2022-08-06 05:17:15
268,Mananjary,-21.2167,48.3333,66.79,81,3,5.86,clear sky,MG,2022-08-06 05:17:16
269,Wajir,1.7471,40.0573,71.62,64,60,15.3,broken clouds,KE,2022-08-06 05:17:16
270,Binon-An,11.3947,123.1426,82.2,74,100,2.19,overcast clouds,PH,2022-08-06 05:17:17
271,Yar-Sale,66.8333,70.8333,68.67,58,63,13.0,broken clouds,RU,2022-08-06 05:17:17
272,Lagarto,-10.9172,-37.65,63.9,95,10,2.37,clear sky,BR,2022-08-06 05:17:38
273,Aswan,24.0934,32.907,91.0,23,86,10.89,overcast clouds,EG,2022-08-06 05:18:18
274,Ayr,55.4627,-4.6339,57.18,82,40,11.5,scattered clouds,GB,2022-08-06 05:18:19
275,Mareeba,-17.0,145.4333,89.44,47,59,6.08,broken clouds,AU,2022-08-06 05:18:19
276,Nome,64.5011,-165.4064,48.27,71,100,14.97,overcast clouds,US,2022-08-06 05:13:32
277,Avera,33.194,-82.5271,77.56,84,100,6.29,overcast clouds,US,2022-08-06 05:18:21
278,Gasa,31.5,34.4667,79.88,68,0,5.06,clear sky,PS,2022-08-06 05:15:56
279,Tilichiki,60.4667,166.1,55.22,88,95,3.85,overcast clouds,RU,2022-08-06 05:18:21
280,Karachi,24.9056,67.0822,84.02,84,75,0.0,smoke,PK,2022-08-06 05:16:21
281,Sisimiut,66.9395,-53.6735,41.27,94,99,13.29,overcast clouds,GL,2022-08-06 05:18:22
282,Bonoua,5.2741,-3.595,71.22,82,38,3.85,scattered clouds,CI,2022-08-06 05:18:23
283,Apartado,7.883,-76.6259,73.33,96,75,4.47,broken clouds,CO,2022-08-06 05:18:23
284,Egvekinot,66.3167,-179.1667,51.8,47,75,22.12,broken clouds,RU,2022-08-06 05:18:24
285,Gladstone,-23.85,151.25,71.78,83,100,3.44,overcast clouds,AU,2022-08-06 05:18:25
286,Mandalgovi,45.7625,106.2708,77.88,43,8,13.56,clear sky,MN,2022-08-06 05:18:25
287,Inhambane,-23.865,35.3833,60.78,100,20,3.44,fog,MZ,2022-08-06 05:18:26
288,Chapais,49.7834,-74.8492,60.58,63,87,5.59,overcast clouds,CA,2022-08-06 05:18:27
289,Cabedelo,-6.9811,-34.8339,70.47,85,9,10.89,clear sky,BR,2022-08-06 05:18:27
290,Farmington,36.7281,-108.2187,79.48,47,0,6.91,clear sky,US,2022-08-06 05:18:28
291,Kaitangata,-46.2817,169.8464,53.74,76,91,5.99,overcast clouds,NZ,2022-08-06 05:18:29
292,Romitan,39.9343,64.3814,89.85,22,0,9.28,clear sky,UZ,2022-08-06 05:18:29
293,Unai,-16.3575,-46.9061,68.7,36,1,2.73,clear sky,BR,2022-08-06 05:18:30
294,Kuytun,54.3419,101.5036,55.6,63,100,11.36,overcast clouds,RU,2022-08-06 05:18:31
295,Lloydminster,53.2835,-110.0016,48.42,87,0,9.22,clear sky,CA,2022-08-06 05:15:19
296,Claresholm,50.0333,-113.5852,57.11,51,98,5.75,overcast clouds,CA,2022-08-06 05:15:19
297,Mustang,35.3842,-97.7245,91.27,44,75,13.8,broken clouds,US,2022-08-06 05:18:32
298,Maceio,-9.6658,-35.7353,71.04,88,40,3.44,scattered clouds,BR,2022-08-06 05:18:33
299,Valparaiso,-33.0393,-71.6273,53.24,87,100,1.14,moderate rain,CL,2022-08-06 05:18:34
300,Martapura,-3.4167,114.85,87.89,58,40,8.05,scattered clouds,ID,2022-08-06 05:18:34
301,Laguna,38.421,-121.4238,78.46,72,0,12.66,clear sky,US,2022-08-06 05:14:42
302,Ozu,33.5,132.55,89.22,65,15,2.8,few clouds,JP,2022-08-06 05:18:35
303,Poquoson,37.1224,-76.3458,78.98,89,75,13.8,mist,US,2022-08-06 05:18:36
304,Klaksvik,62.2266,-6.589,50.92,85,70,9.35,broken clouds,FO,2022-08-06 05:18:37
305,Banikoara,11.2985,2.4386,70.65,94,86,3.24,overcast clouds,BJ,2022-08-06 05:18:37
306,Vytegra,61.0064,36.4481,71.96,63,0,8.86,clear sky,RU,2022-08-06 05:18:38
307,Awjilah,29.1081,21.2869,79.36,39,0,5.88,clear sky,LY,2022-08-06 05:18:39
308,Sekoma,-24.4,23.8833,52.14,31,12,7.2,few clouds,BW,2022-08-06 05:18:39
309,Marystown,47.1666,-55.1483,65.86,100,93,1.99,overcast clouds,CA,2022-08-06 05:18:40
310,Juneau,58.3019,-134.4197,55.85,97,100,18.41,heavy intensity rain,US,2022-08-06 05:17:12
311,Kachiry,53.0675,76.1036,77.92,35,2,6.55,clear sky,KZ,2022-08-06 05:18:41
312,Plettenberg Bay,-34.0527,23.3716,54.32,74,15,6.04,few clouds,ZA,2022-08-06 05:18:42
313,Jalu,29.0331,21.5482,79.45,38,0,6.53,clear sky,LY,2022-08-06 05:18:43
314,Taybad,34.74,60.7756,86.4,16,0,22.41,clear sky,IR,2022-08-06 05:18:43
315,Bilma,18.6853,12.9164,87.48,41,60,12.28,broken clouds,NE,2022-08-06 05:18:44
316,Ayagoz,47.9714,80.4392,73.09,23,0,10.92,clear sky,KZ,2022-08-06 05:18:45
317,La Libertad,-2.2333,-80.9,68.56,86,98,8.93,overcast clouds,EC,2022-08-06 05:15:04
318,Florence,43.7667,11.25,76.3,87,0,1.14,clear sky,IT,2022-08-06 05:15:18
319,Ostrovnoy,68.0531,39.5131,66.02,81,100,17.72,overcast clouds,RU,2022-08-06 05:19:46
320,Rapid Valley,44.0625,-103.1463,77.76,53,100,14.0,light intensity drizzle,US,2022-08-06 05:15:04
321,Yarada,17.65,83.2667,86.32,70,100,4.61,moderate rain,IN,2022-08-06 05:19:47
322,Lagos,6.5833,3.75,73.72,92,80,2.95,broken clouds,NG,2022-08-06 05:16:54
323,Warrnambool,-38.3833,142.4833,53.58,79,81,4.56,broken clouds,AU,2022-08-06 05:19:47
324,Leh,34.1667,77.5833,66.51,51,75,7.07,broken clouds,IN,2022-08-06 05:19:47
325,Luanda,-8.8368,13.2343,64.09,86,18,5.08,few clouds,AO,2022-08-06 05:19:48
326,Nzerekore,7.7562,-8.8179,68.7,99,100,2.1,overcast clouds,GN,2022-08-06 05:19:48
327,Todos Santos,23.45,-110.2167,80.04,87,55,3.78,broken clouds,MX,2022-08-06 05:19:49
328,Haines City,28.1142,-81.6179,80.56,89,0,9.22,clear sky,US,2022-08-06 05:17:59
329,Perevoz,55.5961,44.5446,73.24,66,91,5.23,overcast clouds,RU,2022-08-06 05:19:49
330,Morondava,-20.2833,44.2833,67.1,69,0,5.77,clear sky,MG,2022-08-06 05:19:50
331,Fildu De Jos,46.9333,23.0667,65.19,48,0,2.75,clear sky,RO,2022-08-06 05:19:50
332,Lorengau,-2.0226,147.2712,84.4,69,42,5.97,scattered clouds,PG,2022-08-06 05:19:51
333,Buluang,13.3068,123.3425,77.74,92,100,5.46,moderate rain,PH,2022-08-06 05:19:51
334,Umm Lajj,25.0213,37.2685,87.57,68,57,0.81,light rain,SA,2022-08-06 05:19:51
335,Severo-Kurilsk,50.6789,156.125,59.18,75,96,6.29,overcast clouds,RU,2022-08-06 05:19:52
336,Sechura,-5.5569,-80.8222,62.87,81,89,11.43,overcast clouds,PE,2022-08-06 05:19:52
337,Iqaluit,63.7506,-68.5145,43.7,93,100,3.44,light rain,CA,2022-08-06 05:19:52
338,Saryozek,44.3583,77.9753,83.91,25,82,9.8,broken clouds,KZ,2022-08-06 05:19:53
339,Wasilla,61.5814,-149.4394,60.22,90,100,8.05,heavy intensity rain,US,2022-08-06 05:19:53
340,Beloha,-25.1667,45.05,67.08,75,90,7.52,overcast clouds,MG,2022-08-06 05:19:54
341,Mount Gambier,-37.8333,140.7667,54.63,84,22,5.39,few clouds,AU,2022-08-06 05:19:54
342,Kaduqli,11.0167,29.7167,73.92,88,100,3.58,light rain,SD,2022-08-06 05:19:55
343,Hofn,64.2539,-15.2082,52.32,74,97,4.25,overcast clouds,IS,2022-08-06 05:17:55
344,Calatayud,41.3535,-1.6432,66.6,78,38,3.6,scattered clouds,ES,2022-08-06 05:19:55
345,Achutupo,9.2,-77.9833,77.2,89,91,4.23,overcast clouds,PA,2022-08-06 05:19:56
346,Davila,18.4726,120.5763,87.78,73,43,5.32,scattered clouds,PH,2022-08-06 05:19:56
347,Westport,41.1415,-73.3579,78.57,85,0,6.91,clear sky,US,2022-08-06 05:15:24
348,Tarnogskiy Gorodok,60.4997,43.5761,70.34,68,24,4.21,few clouds,RU,2022-08-06 05:19:57
349,Garissa,-0.4536,39.6401,72.21,71,16,17.83,few clouds,KE,2022-08-06 05:19:57
350,Ereymentau,51.6199,73.1033,73.69,36,4,10.98,clear sky,KZ,2022-08-06 05:19:58
351,Alofi,-19.0595,-169.9187,75.09,88,100,12.66,overcast clouds,NU,2022-08-06 05:19:58
352,Palauig,15.435,119.9045,81.16,84,100,9.93,light rain,PH,2022-08-06 05:19:59
353,Komsomolskiy,40.4272,71.7189,91.81,19,0,7.74,clear sky,UZ,2022-08-06 05:19:59
354,Lata,40.1629,-8.3327,61.11,94,4,2.28,clear sky,PT,2022-08-06 05:20:00
355,Bhawana,31.5692,72.649,93.6,53,75,7.02,broken clouds,PK,2022-08-06 05:20:00
356,Pozo Colorado,-23.4923,-58.7972,61.83,62,99,3.8,overcast clouds,PY,2022-08-06 05:20:01
357,Srednekolymsk,67.45,153.6833,65.48,45,100,3.76,overcast clouds,RU,2022-08-06 05:20:01
358,Swan Hill,-35.3378,143.5544,55.89,63,96,10.04,overcast clouds,AU,2022-08-06 05:15:51
359,Humaita,-7.5061,-63.0208,75.52,80,69,1.86,broken clouds,BR,2022-08-06 05:20:03
360,Chongwe,-15.3292,28.682,55.76,54,0,2.8,clear sky,ZM,2022-08-06 05:20:03
361,Constitucion,-35.3333,-72.4167,52.5,94,100,0.96,overcast clouds,CL,2022-08-06 05:20:04
362,Chimbote,-9.0853,-78.5783,61.32,88,91,9.1,overcast clouds,PE,2022-08-06 05:20:05
363,Solnechnyy,50.7214,136.6319,68.81,99,100,5.37,overcast clouds,RU,2022-08-06 05:20:05
364,Sept-Iles,50.2001,-66.3821,60.8,77,0,3.44,clear sky,CA,2022-08-06 05:20:06
365,Ornes,66.8689,13.7078,50.23,82,100,10.18,moderate rain,NO,2022-08-06 05:20:07
366,Takoradi,4.8845,-1.7554,71.58,86,22,4.52,few clouds,GH,2022-08-06 05:20:08
367,Vilyuysk,63.7553,121.6247,53.94,81,100,8.79,overcast clouds,RU,2022-08-06 05:21:08
368,Vostok,46.4856,135.8833,74.93,75,100,6.44,overcast clouds,RU,2022-08-06 05:21:10
369,Acarau,-2.8856,-40.12,75.81,86,1,12.41,clear sky,BR,2022-08-06 05:21:10
370,Yerbogachen,61.2767,108.0108,48.33,88,100,8.05,overcast clouds,RU,2022-08-06 05:21:11
371,Campobasso,41.6333,14.5833,69.82,58,2,2.89,clear sky,IT,2022-08-06 05:21:11
372,Saint-Paul,-21.0096,55.2707,75.31,64,32,1.45,scattered clouds,RE,2022-08-06 05:18:27
373,Bhongir,17.5108,78.8889,76.3,81,97,14.45,overcast clouds,IN,2022-08-06 05:21:12
374,General Roca,-39.0333,-67.5833,41.63,86,100,12.97,light rain,AR,2022-08-06 05:21:13
375,Xining,36.6167,101.7667,79.81,54,57,3.62,broken clouds,CN,2022-08-06 05:21:13
376,Brockville,44.5834,-75.6826,71.26,91,0,5.55,clear sky,CA,2022-08-06 05:21:14
377,Burns Lake,54.2331,-125.7533,53.02,66,96,2.55,overcast clouds,CA,2022-08-06 05:21:14
378,Maldonado,-34.6667,-54.9167,40.39,89,2,3.09,clear sky,UY,2022-08-06 05:20:25
379,Cooma,-36.2333,149.1333,46.63,67,66,11.18,broken clouds,AU,2022-08-06 05:21:15
380,Raha,26.2333,92.5167,88.45,74,55,3.56,broken clouds,IN,2022-08-06 05:21:16
381,Puerto Quijarro,-17.7833,-57.7667,72.59,66,75,3.69,broken clouds,BO,2022-08-06 05:21:17
382,Las Lomas,8.4333,-82.4,75.11,91,97,1.52,overcast clouds,PA,2022-08-06 05:21:17
383,Harper,4.375,-7.7169,73.94,73,77,3.89,broken clouds,LR,2022-08-06 05:21:18
384,Hami,42.8,93.45,94.03,18,8,3.09,clear sky,CN,2022-08-06 05:21:18
385,Vao,-22.6667,167.4833,73.53,81,14,9.6,few clouds,NC,2022-08-06 05:21:19
386,Valleyview,55.0667,-117.2859,51.84,87,58,8.05,broken clouds,CA,2022-08-06 05:21:19
387,Lobva,59.1854,60.5185,77.22,49,75,4.79,broken clouds,RU,2022-08-06 05:21:20
388,Lannion,48.75,-3.4167,61.68,85,30,1.01,scattered clouds,FR,2022-08-06 05:21:20
389,Berlevag,70.8578,29.0864,55.4,67,96,4.61,overcast clouds,NO,2022-08-06 05:21:21
390,San Quintin,30.4833,-115.95,70.72,88,19,13.29,few clouds,MX,2022-08-06 05:21:21
391,George,-33.963,22.4617,53.15,87,75,1.14,broken clouds,ZA,2022-08-06 05:21:22
392,Riyadh,24.6877,46.7219,96.94,16,5,11.21,clear sky,SA,2022-08-06 05:19:52
393,Sao Joao Batista,-27.2761,-48.8494,61.5,94,91,1.72,overcast clouds,BR,2022-08-06 05:21:22
394,Puerto Del Rosario,28.5004,-13.8627,71.35,88,20,19.57,few clouds,ES,2022-08-06 05:21:23
395,Akdepe,42.0551,59.3788,86.09,32,1,11.18,clear sky,TM,2022-08-06 05:21:23
396,Tamandare,-8.7597,-35.1047,72.68,86,36,4.07,scattered clouds,BR,2022-08-06 05:21:23
397,Tahta,26.7693,31.5021,84.33,40,63,12.21,broken clouds,EG,2022-08-06 05:21:24
398,Changzhou,31.7833,119.9667,99.05,45,88,5.97,overcast clouds,CN,2022-08-06 05:21:24
399,Zhigansk,66.7697,123.3711,55.24,99,100,11.5,moderate rain,RU,2022-08-06 05:21:25
400,Toda Raisingh,26.0252,75.4849,87.49,62,43,3.22,scattered clouds,IN,2022-08-06 05:21:25
401,Igualada,41.581,1.6172,77.32,77,1,2.71,clear sky,ES,2022-08-06 05:21:26
402,Yairipok,24.6667,94.0667,85.86,90,73,3.65,broken clouds,IN,2022-08-06 05:21:27
403,Mildura,-34.2,142.15,57.07,76,40,14.97,light rain,AU,2022-08-06 05:21:27
404,Salalah,17.0151,54.0924,77.09,100,100,6.91,light intensity drizzle,OM,2022-08-06 05:21:28
405,Bilibino,68.0546,166.4372,52.29,54,95,11.12,overcast clouds,RU,2022-08-06 05:21:29
406,Quelimane,-17.8786,36.8883,60.75,94,0,3.44,fog,MZ,2022-08-06 05:21:30
407,Shenzhen,22.5455,114.0683,87.85,85,80,8.7,broken clouds,CN,2022-08-06 05:21:30
408,Tucumcari,35.1717,-103.725,80.44,50,0,11.5,clear sky,US,2022-08-06 05:21:31
409,Dzhebariki-Khaya,62.2167,135.8,76.37,43,100,12.35,overcast clouds,RU,2022-08-06 05:21:31
410,Roald,62.5833,6.1333,54.75,93,75,11.5,broken clouds,NO,2022-08-06 05:21:32
411,Honefoss,60.168,10.2565,54.63,66,79,3.24,broken clouds,NO,2022-08-06 05:22:32
412,Rawson,-43.3002,-65.1023,38.98,82,12,12.55,few clouds,AR,2022-08-06 05:22:33
413,Khuzdar,27.7384,66.6434,83.73,52,88,2.35,overcast clouds,PK,2022-08-06 05:22:33
414,Cranbrook,49.4999,-115.7688,62.44,36,20,5.75,few clouds,CA,2022-08-06 05:22:33
415,Saint-Augustin,51.226,-58.6502,58.24,53,22,9.98,few clouds,CA,2022-08-06 05:22:34
416,Basoko,1.2391,23.616,73.54,87,99,3.31,overcast clouds,CD,2022-08-06 05:22:34
417,Dutse,11.7594,9.3392,71.92,88,89,9.35,overcast clouds,NG,2022-08-06 05:22:35
418,Vardo,70.3705,31.1107,53.58,82,100,2.3,overcast clouds,NO,2022-08-06 05:22:35
419,Yumen,40.2833,97.2,85.14,23,99,19.66,overcast clouds,CN,2022-08-06 05:22:36
420,Shakawe,-18.3667,21.85,56.26,48,0,3.31,clear sky,BW,2022-08-06 05:22:36
421,Port Hardy,50.6996,-127.4199,59.18,77,20,8.05,few clouds,CA,2022-08-06 05:22:37
422,Lucapa,-8.4192,20.7447,64.87,41,61,3.33,broken clouds,AO,2022-08-06 05:22:37
423,Mbeya,-8.9,33.45,52.97,72,59,3.94,broken clouds,TZ,2022-08-06 05:21:59
424,Fort Nelson,58.8053,-122.7002,67.59,49,75,6.91,broken clouds,CA,2022-08-06 05:22:38
425,Svetlogorsk,52.6333,29.7333,69.24,75,2,5.57,clear sky,BY,2022-08-06 05:22:39
426,Hit,33.6416,42.8251,104.4,15,17,11.07,few clouds,IQ,2022-08-06 05:22:39
427,Viedma,-40.8135,-62.9967,42.84,68,87,8.75,overcast clouds,AR,2022-08-06 05:22:40
428,Salym,60.0625,71.4789,75.56,48,88,6.58,overcast clouds,RU,2022-08-06 05:22:40
429,Ranong,9.9658,98.6348,87.73,72,92,14.58,overcast clouds,TH,2022-08-06 05:22:41
430,Roma,43.2128,-75.4557,72.73,95,0,3.44,clear sky,US,2022-08-06 05:22:41
431,Colares,38.7992,-9.4469,68.76,87,72,10.0,broken clouds,PT,2022-08-06 05:22:42
432,Whangamata,-37.2,175.8667,56.01,71,100,3.22,overcast clouds,NZ,2022-08-06 05:22:32
433,Polyarnyy,69.1989,33.4478,51.13,95,100,9.04,overcast clouds,RU,2022-08-06 05:22:42
434,Wattegama,6.7989,81.4808,89.4,43,94,9.08,overcast clouds,LK,2022-08-06 05:22:43
435,Rio Gallegos,-51.6226,-69.2181,33.85,93,100,2.3,overcast clouds,AR,2022-08-06 05:22:44
436,Sambava,-14.2667,50.1667,68.4,72,33,7.49,scattered clouds,MG,2022-08-06 05:22:45
437,George Town,5.4112,100.3354,87.75,66,20,9.22,few clouds,MY,2022-08-06 05:21:09
438,Vila Velha,-20.3297,-40.2925,75.15,78,100,9.22,overcast clouds,BR,2022-08-06 05:20:01
439,Shellbrook,53.2168,-106.4011,49.23,82,85,5.93,overcast clouds,CA,2022-08-06 05:22:45
440,Chifeng,42.2683,118.9636,92.88,27,88,3.22,overcast clouds,CN,2022-08-06 05:22:46
441,Kushima,31.4583,131.2333,93.29,54,7,6.51,clear sky,JP,2022-08-06 05:22:46
442,Raga,8.4596,25.678,69.22,97,100,4.92,overcast clouds,SS,2022-08-06 05:22:47
443,Vestmannaeyjar,63.4427,-20.2734,53.4,93,100,8.21,overcast clouds,IS,2022-08-06 05:22:47
444,Adrar,20.5022,-10.0711,91.15,31,38,12.24,scattered clouds,MR,2022-08-06 05:22:48
445,Timizart,36.8,4.2667,73.56,50,0,5.37,clear sky,DZ,2022-08-06 05:22:48
446,Meulaboh,4.1363,96.1285,84.67,63,85,2.59,overcast clouds,ID,2022-08-06 05:22:49
447,Siocon,7.7061,122.1353,82.45,80,97,4.47,light rain,PH,2022-08-06 05:22:50
448,Moyale,3.5167,39.0584,63.57,59,29,13.18,scattered clouds,KE,2022-08-06 05:22:51
449,Nakano,36.75,138.3667,91.36,70,99,2.53,overcast clouds,JP,2022-08-06 05:22:51
450,Kasongo-Lunda,-6.4667,16.8167,65.59,66,3,1.52,clear sky,CD,2022-08-06 05:22:52
451,Lafiagi,8.8667,5.4167,75.18,78,100,4.14,overcast clouds,NG,2022-08-06 05:22:53
452,Half Moon Bay,37.4636,-122.4286,67.53,85,100,11.5,overcast clouds,US,2022-08-06 05:22:54
453,San Policarpo,12.1791,125.5072,83.52,73,100,9.95,overcast clouds,PH,2022-08-06 05:22:54
454,Aripuana,-9.1667,-60.6333,78.17,52,75,0.94,broken clouds,BR,2022-08-06 05:22:55
455,Longyearbyen,78.2186,15.6401,49.84,76,75,8.05,broken clouds,SJ,2022-08-06 05:22:56
456,Moree,-29.4667,149.85,63.39,40,2,14.34,clear sky,AU,2022-08-06 05:23:56
457,Zhuhai,22.2769,113.5678,87.51,79,20,8.05,heavy intensity rain,CN,2022-08-06 05:23:56
458,Dillon,34.4166,-79.3712,79.14,95,57,5.1,broken clouds,US,2022-08-06 05:23:57
459,Port Blair,11.6667,92.75,80.64,89,100,10.36,moderate rain,IN,2022-08-06 05:23:57
460,Bathsheba,13.2167,-59.5167,81.05,92,20,5.75,few clouds,BB,2022-08-06 05:23:58
461,Alenquer,-1.9417,-54.7383,76.41,76,61,2.95,broken clouds,BR,2022-08-06 05:23:58
462,Iquitos,-3.7481,-73.2472,75.24,94,75,2.3,broken clouds,PE,2022-08-06 05:23:58
463,Coihaique,-45.5752,-72.0662,36.21,93,0,3.44,clear sky,CL,2022-08-06 05:20:02
464,Diego De Almagro,-26.3667,-70.05,48.06,60,0,1.43,clear sky,CL,2022-08-06 05:23:59
465,Huarmey,-10.0681,-78.1522,61.99,86,60,7.87,broken clouds,PE,2022-08-06 05:23:59
466,Sidi Ali,36.0998,0.4206,74.37,88,0,6.15,clear sky,DZ,2022-08-06 05:24:00
467,Tjome,59.1109,10.3933,57.15,58,0,6.91,clear sky,NO,2022-08-06 05:24:00
468,Charters Towers,-20.1,146.2667,86.14,42,8,10.85,clear sky,AU,2022-08-06 05:24:00
469,Grindavik,63.8424,-22.4338,55.35,100,100,8.05,fog,IS,2022-08-06 05:24:01
470,Qianan,44.9932,124.0581,88.12,42,11,4.16,few clouds,CN,2022-08-06 05:24:01
471,Clarksdale,34.2001,-90.5709,78.78,94,20,6.91,few clouds,US,2022-08-06 05:24:02
472,Krasnyy Luch,48.1395,38.9371,76.01,51,59,7.9,broken clouds,UA,2022-08-06 05:24:02
473,Maltahohe,-24.8333,16.9833,53.69,39,39,6.51,scattered clouds,NA,2022-08-06 05:24:02
474,Parabel,58.6978,81.4825,73.89,52,36,7.27,scattered clouds,RU,2022-08-06 05:24:03
475,Cururupu,-1.8283,-44.8683,73.8,91,4,3.83,clear sky,BR,2022-08-06 05:24:03
476,Flinders,-34.5833,150.8552,64.38,50,12,15.75,few clouds,AU,2022-08-06 05:24:03
477,Nyrob,60.733,56.7202,73.78,53,94,2.46,overcast clouds,RU,2022-08-06 05:24:04
478,Muromtsevo,56.3724,75.2418,73.69,56,60,6.51,broken clouds,RU,2022-08-06 05:24:04
479,Voh,-20.9667,164.7,76.21,80,68,4.27,broken clouds,NC,2022-08-06 05:24:05
480,Yarmouth,41.7057,-70.2286,78.01,89,30,3.0,scattered clouds,US,2022-08-06 05:24:05
481,Usinsk,65.9939,57.5281,71.29,59,62,9.8,broken clouds,RU,2022-08-06 05:24:05
482,Loa Janan,-0.583,117.095,81.46,75,96,4.56,light rain,ID,2022-08-06 05:24:06
483,Nara,34.6851,135.8049,89.91,72,62,1.83,broken clouds,JP,2022-08-06 05:24:06
484,Gazli,40.1333,63.45,89.15,24,0,8.46,clear sky,UZ,2022-08-06 05:24:07
485,Khandbari,27.3747,87.2039,80.83,75,98,4.38,overcast clouds,NP,2022-08-06 05:24:07
486,Mayo,38.8876,-76.5119,75.94,93,40,3.44,scattered clouds,US,2022-08-06 05:24:07
487,Mae Sai,20.4335,99.8762,80.31,86,94,2.91,overcast clouds,TH,2022-08-06 05:24:08
488,Baghdad,33.3406,44.4009,100.31,25,7,6.91,clear sky,IQ,2022-08-06 05:24:09
489,Plouzane,48.3833,-4.6167,57.25,94,0,10.36,clear sky,FR,2022-08-06 05:24:10
490,Asyut,27.181,31.1837,83.5,44,94,12.28,overcast clouds,EG,2022-08-06 05:24:11
491,Tomatlan,19.9333,-105.25,76.6,96,100,1.66,overcast clouds,MX,2022-08-06 05:24:11
492,Kodinsk,58.6881,99.1844,57.07,74,100,4.29,overcast clouds,RU,2022-08-06 05:24:12
493,Santa Lucia,27.9117,-15.5407,63.72,78,20,27.63,few clouds,ES,2022-08-06 05:20:01
494,Bubaque,11.2833,-15.8333,79.56,81,100,12.41,light rain,GW,2022-08-06 05:24:13
495,Geraldton,-28.7667,114.6,64.81,59,4,10.36,clear sky,AU,2022-08-06 05:19:18
496,Muisne,0.6,-80.0333,73.83,85,100,10.09,overcast clouds,EC,2022-08-06 05:24:14
497,Fayaoue,-20.65,166.5333,77.09,78,18,10.98,few clouds,NC,2022-08-06 05:24:15
498,Ryotsu,38.0833,138.4333,84.61,68,99,5.32,overcast clouds,JP,2022-08-06 05:24:15
499,Lavrentiya,65.5833,-171.0,47.34,67,67,8.23,broken clouds,RU,2022-08-06 05:20:33
500,Matara,5.9485,80.5353,82.65,72,99,14.14,overcast clouds,LK,2022-08-06 05:24:16
501,Road Town,18.4167,-64.6167,82.49,76,40,21.23,scattered clouds,VG,2022-08-06 05:24:16
502,Sosnovka,56.255,51.2842,70.63,67,92,1.45,overcast clouds,RU,2022-08-06 05:25:17
503,Atbasar,51.8,68.3333,74.55,40,76,10.6,broken clouds,KZ,2022-08-06 05:25:17
504,Nata,8.3333,-80.5167,75.13,93,100,1.23,overcast clouds,PA,2022-08-06 05:25:18
505,Mae Hong Son,19.3003,97.9685,87.94,62,75,4.61,broken clouds,TH,2022-08-06 05:25:19
506,Aktash,50.3,87.7333,58.37,48,9,2.17,clear sky,RU,2022-08-06 05:25:19
507,Bombay,19.0144,72.8479,82.29,100,75,4.61,haze,IN,2022-08-06 05:22:56
508,Verkhnyaya Inta,65.9811,60.3094,69.49,66,77,12.24,broken clouds,RU,2022-08-06 05:25:21
509,Lazaro Cardenas,17.9583,-102.2,79.63,80,58,3.09,broken clouds,MX,2022-08-06 05:25:21
510,Hakkari,37.5833,44.1667,71.38,37,75,1.14,broken clouds,TR,2022-08-06 05:25:22
511,Novyy Urengoy,66.0833,76.6333,65.64,63,95,12.06,overcast clouds,RU,2022-08-06 05:25:23
512,Awbari,26.5921,12.7805,83.5,23,44,5.99,scattered clouds,LY,2022-08-06 05:25:24
513,Bakchar,57.0186,82.0711,76.12,45,76,3.02,broken clouds,RU,2022-08-06 05:25:24
514,Mabaruma,8.2,-59.7833,73.63,97,79,2.35,broken clouds,GY,2022-08-06 05:25:25
515,Kieta,-6.2167,155.6333,83.64,65,100,4.94,overcast clouds,PG,2022-08-06 05:25:25
516,Kyshtovka,56.555,76.6271,71.87,62,76,6.29,broken clouds,RU,2022-08-06 05:25:26
517,Gisborne,-38.6533,178.0042,59.31,57,89,9.17,overcast clouds,NZ,2022-08-06 05:25:27
518,Tanout,14.9709,8.8879,80.02,62,38,12.62,scattered clouds,NE,2022-08-06 05:25:27
519,Belmonte,-15.8631,-38.8828,71.37,84,35,8.16,scattered clouds,BR,2022-08-06 05:25:28
520,Togur,58.3631,82.8265,73.53,51,92,4.85,overcast clouds,RU,2022-08-06 05:25:29
521,Kuryk,43.2,51.65,86.23,31,100,11.88,overcast clouds,KZ,2022-08-06 05:25:29
522,Smidovich,48.6,133.8167,80.67,71,78,11.52,broken clouds,RU,2022-08-06 05:25:30
523,Pisco,-13.7,-76.2167,56.01,88,75,2.3,mist,PE,2022-08-06 05:25:30
524,Mahibadhoo,3.7833,72.9667,82.29,77,100,15.86,overcast clouds,MV,2022-08-06 05:25:31
525,Vanimo,-2.6741,141.3028,83.35,69,100,5.14,overcast clouds,PG,2022-08-06 05:25:32
526,Belaya Gora,68.5333,146.4167,63.81,39,100,1.66,overcast clouds,RU,2022-08-06 05:25:32
527,Bestobe,52.4994,73.0975,76.46,39,1,8.19,clear sky,KZ,2022-08-06 05:25:32
528,Beringovskiy,63.05,179.3167,53.17,75,84,11.07,broken clouds,RU,2022-08-06 05:25:33
529,Khandyga,62.6667,135.6,74.75,50,100,7.74,overcast clouds,RU,2022-08-06 05:25:33
530,Miyako,39.6367,141.9525,75.29,68,100,9.4,overcast clouds,JP,2022-08-06 05:25:34
531,Kosh-Agach,50.0,88.6667,60.12,51,7,3.09,clear sky,RU,2022-08-06 05:25:34
532,Nouakchott,18.0858,-15.9785,76.93,83,27,11.05,scattered clouds,MR,2022-08-06 05:22:25
533,Nowy Dwor Gdanski,54.2131,19.1177,64.98,77,100,11.1,overcast clouds,PL,2022-08-06 05:25:35
534,Andenes,69.3143,16.1194,54.93,82,0,13.8,clear sky,NO,2022-08-06 05:25:35
535,Emerald,-23.5333,148.1667,74.73,58,80,5.21,light rain,AU,2022-08-06 05:25:36
536,Plymouth,41.8334,-70.8328,76.75,85,0,3.44,clear sky,US,2022-08-06 05:20:49
537,Turka,49.1541,23.0297,70.14,69,2,0.94,clear sky,UA,2022-08-06 05:25:37
538,Luchow,52.9667,11.15,55.11,82,0,4.83,clear sky,DE,2022-08-06 05:25:37
539,Margate,51.3813,1.3862,59.7,79,86,5.08,overcast clouds,GB,2022-08-06 05:25:38
540,Batabano,22.7164,-82.2881,75.81,82,6,7.78,clear sky,CU,2022-08-06 05:25:38
541,Kandrian,-6.2167,149.55,85.08,67,100,9.31,overcast clouds,PG,2022-08-06 05:25:39
542,Guaymas,27.9333,-110.9,81.45,65,100,17.96,overcast clouds,MX,2022-08-06 05:25:40
543,San Patricio,28.017,-97.5169,84.09,69,100,12.59,overcast clouds,US,2022-08-06 05:25:41
544,Labuhan,-6.8844,112.2051,87.73,51,37,1.19,scattered clouds,ID,2022-08-06 05:25:42
545,Hannibal,39.7084,-91.3585,79.47,93,0,9.19,clear sky,US,2022-08-06 05:23:38
546,Upington,-28.4478,21.2561,48.58,66,0,8.05,clear sky,ZA,2022-08-06 05:25:44
547,Santa Teresita,13.8664,120.9814,76.62,85,100,1.32,overcast clouds,PH,2022-08-06 05:26:44
548,Sao Miguel Do Araguaia,-13.275,-50.1628,73.98,41,44,5.03,scattered clouds,BR,2022-08-06 05:25:12
549,Ibipeba,-11.6408,-42.0111,63.46,80,17,5.66,few clouds,BR,2022-08-06 05:26:45
550,Liverpool,53.4106,-2.9779,53.55,83,0,3.44,clear sky,GB,2022-08-06 05:26:46
551,Pangnirtung,66.1451,-65.7125,42.35,95,100,0.43,overcast clouds,CA,2022-08-06 05:26:47
552,Bowen,-20.0167,148.2333,74.77,77,29,8.34,scattered clouds,AU,2022-08-06 05:26:47
553,Hohhot,40.8106,111.6522,89.89,55,40,6.71,scattered clouds,CN,2022-08-06 05:26:48
554,Waingapu,-9.6567,120.2641,81.95,63,86,11.59,overcast clouds,ID,2022-08-06 05:26:49
555,Emba,48.8264,58.1442,78.71,29,87,17.22,overcast clouds,KZ,2022-08-06 05:26:49
556,Clyde River,70.4692,-68.5914,35.83,100,75,20.71,mist,CA,2022-08-06 05:26:50
557,Corn Island,12.1694,-83.0418,79.92,82,100,19.26,overcast clouds,NI,2022-08-06 05:22:12
558,Dunedin,-45.8742,170.5036,52.81,76,100,1.41,overcast clouds,NZ,2022-08-06 05:26:51
559,Otavi,-19.65,17.3333,61.86,34,0,6.49,clear sky,NA,2022-08-06 05:26:51
560,Dawei,14.0833,98.2,77.07,95,100,8.5,overcast clouds,MM,2022-08-06 05:26:52
561,Havre-Saint-Pierre,50.2334,-63.5986,53.6,93,0,2.3,clear sky,CA,2022-08-06 05:26:53
562,Mersing,2.4312,103.8405,85.91,74,40,11.5,scattered clouds,MY,2022-08-06 05:26:53
563,Seoul,37.5683,126.9778,88.99,76,100,4.61,mist,KR,2022-08-06 05:23:12
564,Assiniboia,49.6334,-105.9845,53.71,67,43,13.82,scattered clouds,CA,2022-08-06 05:26:54
565,Teahupoo,-17.8333,-149.2667,71.56,81,97,27.58,light rain,PF,2022-08-06 05:26:55
566,Niigata,37.9022,139.0236,90.91,66,75,8.05,broken clouds,JP,2022-08-06 05:26:55
567,Slavyanka,42.8633,131.3847,77.86,81,81,7.58,broken clouds,RU,2022-08-06 05:26:56
568,Luwingu,-10.2621,29.9271,51.89,75,34,4.27,scattered clouds,ZM,2022-08-06 05:26:56
569,Port Lavaca,28.615,-96.6261,82.98,81,0,4.61,clear sky,US,2022-08-06 05:26:57
570,Mecca,21.4267,39.8261,88.05,48,92,4.34,overcast clouds,SA,2022-08-06 05:22:05
571,Jalingo,8.8833,11.3667,70.77,96,97,3.29,overcast clouds,NG,2022-08-06 05:27:00
572,Coquimbo,-29.9533,-71.3436,51.53,93,0,2.3,clear sky,CL,2022-08-06 05:27:01
573,Itarema,-2.9248,-39.9167,75.96,85,1,11.68,clear sky,BR,2022-08-06 05:27:02
574,Gravdal,68.1214,13.5031,51.94,88,100,27.4,light rain,NO,2022-08-06 05:27:03
575,Pallipattu,13.3386,79.4449,85.35,81,100,6.06,overcast clouds,IN,2022-08-06 05:27:04
576,Dublin,37.7021,-121.9358,67.33,79,0,12.66,clear sky,US,2022-08-06 05:27:05
577,Chokwe,-24.5333,32.9833,65.16,83,0,2.93,clear sky,MZ,2022-08-06 05:27:06
578,Lypnyazhka,48.4469,31.0761,70.43,69,8,9.73,clear sky,UA,2022-08-06 05:27:07
579,Ambilobe,-13.2,49.05,71.94,55,57,3.33,broken clouds,MG,2022-08-06 05:27:08
580,Bud,39.447,-86.1758,75.22,97,17,4.79,few clouds,US,2022-08-06 05:27:10
581,Betare Oya,5.6,14.0833,65.68,99,100,2.19,overcast clouds,CM,2022-08-06 05:27:11
582,Rivadavia,-33.1905,-68.4608,53.85,53,31,3.96,scattered clouds,AR,2022-08-06 05:27:13
583,Nyurba,63.2842,118.3319,53.87,82,100,10.51,overcast clouds,RU,2022-08-06 05:27:13
584,Antalaha,-14.9003,50.2788,69.69,70,11,5.64,few clouds,MG,2022-08-06 05:27:14
585,Ekibastuz,51.6667,75.3667,75.45,37,0,10.56,clear sky,KZ,2022-08-06 05:27:14
586,Turmalina,-17.2856,-42.73,60.21,54,4,1.12,clear sky,BR,2022-08-06 05:27:15
587,Chitipa,-9.7024,33.2697,56.25,80,8,3.94,clear sky,MW,2022-08-06 05:27:16
588,Oum Hadjer,13.2954,19.6966,75.67,77,87,9.24,overcast clouds,TD,2022-08-06 05:27:17
589,Koror,7.3398,134.4733,86.32,70,75,11.5,broken clouds,PW,2022-08-06 05:27:18
590,Batagay-Alyta,67.8006,130.4114,45.59,92,100,5.14,moderate rain,RU,2022-08-06 05:27:18
591,Lasa,46.6166,10.7002,65.28,85,48,4.45,scattered clouds,IT,2022-08-06 05:27:19
592,Mackay,-21.15,149.2,80.69,84,11,8.86,few clouds,AU,2022-08-06 05:27:08
593,Milkovo,54.7167,158.6167,79.38,49,7,1.5,clear sky,RU,2022-08-06 05:28:21
594,Wolfratshausen,47.9129,11.4217,64.0,85,100,1.01,overcast clouds,DE,2022-08-06 05:28:21
595,Norwich,52.6278,1.2983,53.33,86,0,3.44,clear sky,GB,2022-08-06 05:28:22
596,Puerto Plata,19.7934,-70.6884,75.11,91,27,6.8,scattered clouds,DO,2022-08-06 05:28:23
597,Kamenka,51.3223,42.7678,75.79,42,3,12.03,clear sky,RU,2022-08-06 05:28:23
598,Kavaratti,10.5669,72.642,80.65,84,100,22.01,overcast clouds,IN,2022-08-06 05:28:24
599,Tiznit,29.5833,-9.5,83.62,20,37,1.3,scattered clouds,MA,2022-08-06 05:28:24
600,Belomorsk,64.5232,34.7668,71.64,60,22,10.56,few clouds,RU,2022-08-06 05:28:25
601,Crawfordsville,40.0411,-86.8745,75.31,96,0,5.68,clear sky,US,2022-08-06 05:28:26
602,Curup,-3.4667,102.5333,81.91,55,22,4.07,few clouds,ID,2022-08-06 05:28:26
603,Pacific Grove,36.6177,-121.9166,65.43,84,100,6.91,overcast clouds,US,2022-08-06 05:27:00
604,Krynychky,48.3755,34.467,71.01,68,29,9.04,scattered clouds,UA,2022-08-06 05:28:28
605,Nizhniy Baskunchak,48.2198,46.8311,84.18,24,100,16.58,overcast clouds,RU,2022-08-06 05:28:28
606,Lunenburg,44.3835,-64.3155,69.49,93,100,0.0,overcast clouds,CA,2022-08-06 05:28:29
607,Abyek,36.0667,50.55,83.86,20,5,14.67,clear sky,IR,2022-08-06 05:28:30
608,Mlandizi,-6.7,38.7333,69.82,77,3,3.47,clear sky,TZ,2022-08-06 05:28:30
609,Carutapera,-1.195,-46.02,75.45,88,5,7.16,clear sky,BR,2022-08-06 05:28:31
610,La Asuncion,11.0333,-63.8628,80.33,94,32,12.66,scattered clouds,VE,2022-08-06 05:25:15
611,Gela,37.0803,14.2307,81.27,65,0,4.12,clear sky,IT,2022-08-06 05:26:51
612,Cabo San Lucas,22.8909,-109.9124,87.62,71,72,7.23,broken clouds,MX,2022-08-06 05:28:06
613,The Pas,53.8251,-101.2541,53.62,76,75,17.27,broken clouds,CA,2022-08-06 05:28:33
614,Gilgit,35.9221,74.3087,85.98,44,44,3.44,scattered clouds,PK,2022-08-06 05:28:34
615,Ust-Maya,60.4167,134.5333,74.26,49,92,14.83,overcast clouds,RU,2022-08-06 05:28:34
616,Jiangkou,25.4872,119.1986,90.79,60,86,8.55,overcast clouds,CN,2022-08-06 05:28:35
617,Porosozero,62.7191,32.727,69.69,71,36,9.08,scattered clouds,RU,2022-08-06 05:28:36
618,Xai-Xai,-25.0519,33.6442,64.13,88,0,5.01,clear sky,MZ,2022-08-06 05:28:37
619,Severodvinsk,64.5635,39.8302,75.31,64,7,10.25,clear sky,RU,2022-08-06 05:28:38
620,Saint-Pierre,-21.3393,55.4781,74.88,58,100,1.14,overcast clouds,RE,2022-08-06 05:28:38
621,Dingle,10.9995,122.6711,84.99,72,100,4.36,overcast clouds,PH,2022-08-06 05:28:39
622,Tautira,-17.7333,-149.15,76.17,81,94,27.45,light rain,PF,2022-08-06 05:28:40
623,Bereda,43.2686,-7.5406,61.14,100,100,7.25,overcast clouds,ES,2022-08-06 05:28:40
624,Nioro,13.35,-15.75,74.23,96,100,3.13,overcast clouds,GM,2022-08-06 05:28:41
625,Yakeshi,49.2833,120.7333,73.71,50,82,16.15,broken clouds,CN,2022-08-06 05:28:41
626,Broome,42.2506,-75.833,71.98,95,0,1.01,clear sky,US,2022-08-06 05:28:42
627,Manyana,-23.4,21.7167,52.61,31,5,7.52,clear sky,BW,2022-08-06 05:28:43
628,Murgab,37.4966,61.9714,89.47,31,0,4.61,clear sky,TM,2022-08-06 05:28:43
629,Turukhansk,65.8167,87.9833,70.47,50,43,8.75,scattered clouds,RU,2022-08-06 05:25:59
630,Mantua,45.1667,10.7833,79.84,80,0,3.0,clear sky,IT,2022-08-06 05:28:44
631,Arman,59.7,150.1667,62.02,79,96,6.15,overcast clouds,RU,2022-08-06 05:28:44
632,At-Bashi,41.1702,75.8106,70.86,34,21,2.66,few clouds,KG,2022-08-06 05:28:46
633,Mogadishu,2.0371,45.3438,75.07,78,75,14.97,broken clouds,SO,2022-08-06 05:28:47
634,Gizo,-8.103,156.8419,83.82,72,99,9.51,light rain,SB,2022-08-06 05:28:47
635,Grand Gaube,-20.0064,57.6608,75.38,55,7,8.99,clear sky,MU,2022-08-06 05:28:48
636,Amarillo,35.222,-101.8313,83.25,54,0,11.5,clear sky,US,2022-08-06 05:26:01
637,Makat,47.6469,53.3463,87.55,19,51,14.2,broken clouds,KZ,2022-08-06 05:29:49
638,Teguise,29.0605,-13.564,68.22,83,20,13.8,few clouds,ES,2022-08-06 05:29:50
639,Deputatskiy,69.3,139.9,51.28,74,100,4.76,light rain,RU,2022-08-06 05:29:51
640,Nagapattinam,10.7667,79.8333,84.85,61,100,13.35,overcast clouds,IN,2022-08-06 05:29:51
641,Port Hedland,-20.3167,118.5667,80.65,18,0,11.5,clear sky,AU,2022-08-06 05:26:21
642,Barinas,8.6226,-70.2075,77.04,94,80,2.3,broken clouds,VE,2022-08-06 05:29:53
643,Saint-Leu,-21.15,55.2833,74.26,65,22,2.15,few clouds,RE,2022-08-06 05:29:53
644,Praia Da Vitoria,38.7333,-27.0667,72.75,100,75,8.14,broken clouds,PT,2022-08-06 05:29:54
645,Igarka,67.4667,86.5833,65.44,55,41,7.07,scattered clouds,RU,2022-08-06 05:29:54
646,Altay,47.8667,88.1167,80.26,23,7,10.04,clear sky,CN,2022-08-06 05:29:55
647,Ahtopol,42.1,27.95,75.92,73,2,7.56,clear sky,BG,2022-08-06 05:29:55
648,Truro,50.2653,-5.0544,54.68,82,75,6.91,broken clouds,GB,2022-08-06 05:29:56
649,Ixtapa,20.7,-105.2,79.83,89,100,3.44,thunderstorm,MX,2022-08-06 05:25:51
650,La Primavera,5.4906,-70.4092,73.6,97,83,6.53,broken clouds,CO,2022-08-06 05:29:57
651,Yunyang,33.4474,112.7142,98.96,40,15,15.88,few clouds,CN,2022-08-06 05:29:58
652,Edd,13.9297,41.6925,89.26,62,89,7.54,overcast clouds,ER,2022-08-06 05:29:59
653,Samandag,36.0842,35.9771,82.92,75,21,7.83,few clouds,TR,2022-08-06 05:29:59
654,Xuddur,4.1213,43.8894,76.95,52,56,22.12,broken clouds,SO,2022-08-06 05:30:01
655,Nisia Floresta,-6.0911,-35.2086,71.98,93,16,7.27,few clouds,BR,2022-08-06 05:30:01
656,San Andres,12.5847,-81.7006,80.62,89,40,10.36,scattered clouds,CO,2022-08-06 05:29:04
657,Simmerath,50.6,6.3,49.78,95,21,1.14,few clouds,DE,2022-08-06 05:30:02
658,Loikaw,19.6742,97.2094,75.45,90,95,4.72,overcast clouds,MM,2022-08-06 05:30:03
659,Dzerzhinskoye,56.8344,95.2283,57.22,70,83,7.45,light rain,RU,2022-08-06 05:30:03
660,Agadir,30.4202,-9.5982,70.25,66,28,5.68,scattered clouds,MA,2022-08-06 05:30:04
661,Moron,-34.6534,-58.6198,53.35,78,6,4.5,clear sky,AR,2022-08-06 05:30:05
662,Saint-Georges,12.0564,-61.7485,79.68,81,67,14.18,broken clouds,GD,2022-08-06 05:30:05
663,Chumikan,54.7183,135.315,53.35,97,100,20.89,moderate rain,RU,2022-08-06 05:30:06
664,Kirovskiy,45.0917,133.5136,85.26,56,34,4.45,scattered clouds,RU,2022-08-06 05:30:06
665,Atar,20.5169,-13.0499,87.24,42,2,7.45,clear sky,MR,2022-08-06 05:28:53
666,Liberal,37.0431,-100.921,80.74,57,0,9.22,clear sky,US,2022-08-06 05:30:07
667,Mogadouro,41.3403,-6.7119,60.84,72,35,5.06,scattered clouds,PT,2022-08-06 05:30:08
668,Hambantota,6.1241,81.1185,86.34,74,40,13.8,scattered clouds,LK,2022-08-06 05:30:08
669,State College,40.7934,-77.86,71.28,93,40,5.75,scattered clouds,US,2022-08-06 05:25:18
670,Bonthe,7.5264,-12.505,76.14,83,100,5.88,overcast clouds,SL,2022-08-06 05:30:10
671,Yatou,37.15,122.3833,92.07,62,56,5.88,broken clouds,CN,2022-08-06 05:30:10
672,Vetlanda,57.4289,15.0776,55.92,63,1,13.6,clear sky,SE,2022-08-06 05:30:11
673,Vrangel,42.7297,133.0839,75.54,86,65,4.65,broken clouds,RU,2022-08-06 05:30:11
674,Seydi,39.4816,62.9137,94.39,16,0,17.4,clear sky,TM,2022-08-06 05:30:12
675,Masunga,-20.6246,27.4488,64.58,36,0,10.67,clear sky,BW,2022-08-06 05:30:12
676,Baker City,44.7749,-117.8344,66.6,40,75,13.8,broken clouds,US,2022-08-06 05:30:13
677,Tibati,6.4667,12.6333,65.66,98,100,2.42,overcast clouds,CM,2022-08-06 05:30:14
678,Avanigadda,16.0215,80.9181,85.57,67,98,11.48,heavy intensity rain,IN,2022-08-06 05:30:14
679,Firozabad,27.15,78.4167,94.84,47,91,2.86,overcast clouds,IN,2022-08-06 05:30:15
680,Kyrnasivka,48.5955,28.979,72.9,64,0,8.16,clear sky,UA,2022-08-06 05:30:16
681,Fonte Boa,-2.4959,-66.2662,72.54,88,75,0.16,broken clouds,BR,2022-08-06 05:30:17
682,Chandbali,20.7833,86.7667,91.44,57,98,12.24,overcast clouds,IN,2022-08-06 05:31:17
683,Midland,31.9974,-102.0779,88.48,32,0,10.36,clear sky,US,2022-08-06 05:27:41
684,Svetlyy,54.675,20.1347,66.25,69,100,14.61,overcast clouds,RU,2022-08-06 05:31:20
685,Atikokan,48.7555,-91.6216,67.21,94,98,8.1,overcast clouds,CA,2022-08-06 05:31:21
686,Auki,-8.7676,160.7034,85.37,67,80,5.48,broken clouds,SB,2022-08-06 05:27:16
687,Ahipara,-35.1667,173.1667,56.44,90,79,7.16,broken clouds,NZ,2022-08-06 05:31:22
688,Tigil,57.8,158.6667,67.33,60,35,8.5,scattered clouds,RU,2022-08-06 05:31:22
